country,year,population,gdp,co2,coal_co2,gas_co2,oil_co2,cement_co2,methane
Brazil,1941,42575027.0,70802128896.0,6.281,5.76,0.0,0.143,0.378,0.0
Brazil,1942,43657003.0,68221296640.0,5.867,5.445,0.004,0.048,0.37,0.0
Brazil,1943,44817135.0,77735960576.0,6.475,5.962,0.011,0.132,0.37,0.0
Brazil,1944,46008096.0,80576684032.0,5.896,5.408,0.007,0.081,0.4,0.0
Brazil,1945,47230706.0,82817277952.0,6.823,6.375,0.004,0.062,0.382,0.0
Brazil,1946,48485805.0,91503345664.0,7.46,6.892,0.018,0.143,0.407,0.0
Brazil,1947,49774257.0,94744731648.0,8.947,8.427,0.004,0.066,0.451,0.0
Brazil,1948,51096948.0,103940636672.0,7.847,7.233,0.007,0.059,0.549,0.0
Brazil,1949,52489682.0,111894872064.0,7.367,6.68,0.011,0.044,0.632,0.0
Brazil,1950,53955360.0,119498719232.0,19.659,6.383,0.004,12.579,0.687,0.0
Brazil,1951,55591060.0,125334814720.0,21.659,6.276,0.004,14.645,0.72,0.0
Brazil,1952,57283340.0,134544285696.0,24.934,6.008,0.004,18.108,0.799,0.0
Brazil,1953,59025680.0,140888047616.0,25.218,5.62,0.007,18.537,1.003,0.0
Brazil,1954,60827596.0,151832723456.0,29.676,5.752,0.015,22.549,1.236,0.0
Brazil,1955,62701036.0,165244239872.0,34.024,5.862,0.015,26.656,1.37,0.0
Brazil,1956,64644888.0,170024681472.0,36.608,5.071,0.018,29.737,1.617,0.0
Brazil,1957,66660892.0,183084417024.0,35.974,5.027,0.033,29.056,1.679,0.0
Brazil,1958,68735928.0,202937286656.0,39.054,3.95,0.066,32.855,1.872,0.0
Brazil,1959,70880824.0,222726635520.0,39.017,4.107,0.092,32.474,1.897,0.0
Brazil,1960,73092520.0,243618988032.0,46.852,4.965,0.114,39.018,2.21,0.0
Brazil,1961,75330008.0,264690925568.0,49.136,4.679,0.114,41.472,2.321,0.0
Brazil,1962,77599224.0,282182189056.0,53.613,5.668,0.11,44.826,2.489,0.0
Brazil,1963,79915560.0,283741028352.0,55.523,5.419,0.165,46.91,2.534,0.0
Brazil,1964,82262800.0,293385633792.0,56.626,6.17,0.161,46.999,2.74,0.0
Brazil,1965,84623752.0,300547047424.0,56.279,6.944,0.194,45.766,2.726,0.0
Brazil,1966,86979288.0,320583729152.0,64.162,8.365,0.245,51.857,2.922,0.0
Brazil,1967,89323288.0,334149091328.0,66.033,8.123,0.256,53.725,3.085,0.0
Brazil,1968,91659248.0,366804795392.0,77.224,8.533,0.231,63.978,3.493,0.0
Brazil,1969,94000384.0,401601724416.0,84.088,9.416,0.234,69.422,3.741,0.0
Brazil,1970,96369888.0,443496726528.0,93.488,8.904,0.154,78.255,4.288,0.0
Brazil,1971,98766288.0,493683376128.0,102.337,8.984,0.249,87.053,4.669,0.0
Brazil,1972,101194392.0,552789540864.0,114.019,9.373,0.275,97.726,5.422,0.0
Brazil,1973,103666904.0,629980135424.0,132.061,9.01,0.377,115.365,6.382,0.0
Brazil,1974,106167376.0,681263693824.0,143.016,9.541,0.692,124.836,7.107,0.0
Brazil,1975,108700512.0,716641599488.0,150.327,11.062,0.78,129.706,7.973,0.0
Brazil,1976,111286504.0,790037659648.0,154.607,11.52,0.916,132.208,9.121,0.0
Brazil,1977,113939888.0,828975480832.0,162.363,15.055,1.132,135.293,10.062,0.0
Brazil,1978,116664384.0,870261981184.0,177.117,17.708,1.484,145.469,11.438,0.0
Brazil,1979,119447304.0,929101316096.0,187.787,18.463,1.63,154.526,12.014,0.0
Brazil,1980,122288384.0,1014791995392.0,186.191,19.987,1.883,150.21,12.803,0.0
Brazil,1981,125168064.0,971272355840.0,171.324,19.723,1.685,135.528,12.64,0.0
Brazil,1982,128065104.0,978935414784.0,171.5,21.552,2.382,133.194,12.244,0.0
Brazil,1983,130977376.0,950507864064.0,165.9,23.926,3.378,125.74,9.803,0.0
Brazil,1984,133888776.0,1001891233792.0,167.567,28.997,4.17,122.062,8.737,0.0
Brazil,1985,136783184.0,1080097308672.0,180.111,34.871,4.994,127.517,9.281,0.0
Brazil,1986,139643360.0,1160963031040.0,197.238,35.123,5.987,142.376,11.122,0.0
Brazil,1987,142466272.0,1201712922624.0,205.968,40.234,6.639,145.541,11.299,0.0
Brazil,1988,145253984.0,1200534716416.0,207.695,39.776,6.841,147.652,11.125,0.0
Brazil,1989,148003424.0,1238775496704.0,212.071,39.93,7.306,151.58,11.141,0.0
Brazil,1990,150706448.0,1185475198976.0,218.658,37.095,7.484,151.775,11.062,291.05
Brazil,1991,153336448.0,1213090103296.0,229.394,42.466,7.336,156.7,11.776,300.15
Brazil,1992,155900784.0,1221828542464.0,233.601,41.203,7.983,163.252,9.77,305.53
Brazil,1993,158440864.0,1298220843008.0,244.306,42.343,8.73,171.252,10.164,306.67
Brazil,1994,160980480.0,1391783968768.0,254.002,43.667,8.985,179.162,10.086,313.05
Brazil,1995,163515328.0,1468835168256.0,268.678,45.582,9.603,190.347,11.528,319.19
Brazil,1996,166037120.0,1520364945408.0,289.311,46.468,10.608,206.281,13.884,311.52
Brazil,1997,168546704.0,1591956078592.0,306.949,47.044,11.863,219.833,15.267,320.61
Brazil,1998,171039808.0,1617675812864.0,317.359,45.591,12.411,229.578,16.175,337.42
Brazil,1999,173486272.0,1645888012288.0,327.256,46.805,14.069,235.468,16.439,338.43
Brazil,2000,175873712.0,1739727962112.0,340.183,50.46,18.442,239.488,16.047,333.94
Brazil,2001,178211888.0,1785513115648.0,346.166,49.427,23.186,241.795,15.227,347.57
Brazil,2002,180476688.0,1861742362624.0,347.765,48.689,29.293,239.219,14.39,371.36
Brazil,2003,182629280.0,1904932683776.0,344.645,51.933,30.919,232.434,13.096,387.02
Brazil,2004,184722048.0,2038447996928.0,361.434,53.833,38.215,239.768,13.273,404.45
Brazil,2005,186797344.0,2129214439424.0,364.371,50.948,39.619,240.221,14.349,414.53
Brazil,2006,188820688.0,2240805339136.0,368.871,50.838,42.053,242.249,15.44,407.21
Brazil,2007,190779456.0,2405626806272.0,390.573,54.989,43.246,256.003,17.2,414.45
Brazil,2008,192672320.0,2559842713600.0,412.638,55.315,51.303,267.239,18.884,407.24
Brazil,2009,194517552.0,2589568270336.0,389.775,43.586,40.959,262.705,19.031,409.16
Brazil,2010,196353504.0,2820492492800.0,440.269,56.688,55.049,286.08,21.288,438.27
Brazil,2011,198185296.0,2968454955008.0,462.58,62.292,53.101,303.885,22.845,429.81
Brazil,2012,199977712.0,3025484382208.0,498.309,61.016,63.397,327.734,24.998,434.35
Brazil,2013,201721776.0,3116394610688.0,532.418,65.604,74.704,342.338,26.652,428.42
Brazil,2014,203459648.0,3132099919872.0,557.901,69.034,81.286,356.753,26.908,436.81
Brazil,2015,205188208.0,3021043138560.0,529.353,69.452,80.465,330.359,25.082,446.49
Brazil,2016,206859584.0,2922076176384.0,492.748,63.831,69.666,312.939,22.415,447.89
Brazil,2017,208504960.0,2960731668480.0,497.121,66.689,70.186,316.132,20.217,448.99
Brazil,2018,210166592.0,3013541101568.0,477.999,65.737,67.066,300.805,20.494,438.0
Brazil,2019,211782880.0,3050327244800.0,473.464,61.926,67.066,299.527,21.048,449.79
Brazil,2020,213196304.0,2950377504768.0,444.504,56.21,58.748,282.284,23.366,459.01
Brazil,2021,214326224.0,3097565331456.0,497.206,67.642,75.904,305.275,24.488,0.0
Brazil,2022,215313504.0,3187413090304.0,483.477,56.21,59.788,319.964,23.619,0.0
China,1941,514134316.0,0.0,113.979,111.449,0.0,2.034,0.496,0.0
China,1942,516914309.0,0.0,127.613,124.452,0.0,2.506,0.655,0.0
China,1943,519643036.0,0.0,108.995,107.402,0.0,0.953,0.64,0.0
China,1944,522386167.0,0.0,103.004,101.898,0.0,0.616,0.49,0.0
China,1945,525143778.0,0.0,55.892,55.335,0.0,0.539,0.018,0.0
China,1946,527915947.0,0.0,36.107,35.805,0.0,0.216,0.086,0.0
China,1947,530702750.0,0.0,41.836,41.501,0.0,0.161,0.174,0.0
China,1948,533504263.0,0.0,38.4,38.094,0.0,0.224,0.083,0.0
China,1949,537916245.0,0.0,62.081,61.444,0.0,0.363,0.275,0.0
China,1950,543979200.0,436905181184.0,78.835,77.615,0.015,0.619,0.587,0.0
China,1951,553614016.0,529605984256.0,102.115,100.133,0.007,0.938,1.036,0.0
China,1952,564954496.0,595648774144.0,127.999,125.444,0.015,1.337,1.203,0.0
China,1953,577378688.0,672668254208.0,133.783,130.237,0.022,1.909,1.615,0.0
China,1954,589936000.0,624480223232.0,160.877,155.592,0.029,3.341,1.915,0.0
China,1955,603320128.0,681084911616.0,190.521,183.196,0.033,5.419,1.873,0.0
China,1956,616283008.0,738921938944.0,215.824,205.023,0.048,8.094,2.66,0.0
China,1957,630003008.0,761702580224.0,255.785,243.81,0.132,8.988,2.855,0.0
China,1958,643791552.0,766244683776.0,524.617,508.175,0.213,12.359,3.871,0.0
China,1959,652179200.0,743927578624.0,720.152,695.438,0.557,19.049,5.107,0.0
China,1960,654170688.0,705092976640.0,798.8,748.376,1.993,22.992,6.514,0.0
China,1961,655260352.0,577128431616.0,570.63,522.475,2.818,22.336,2.585,0.0
China,1962,664614656.0,616502984704.0,459.618,411.925,2.323,21.764,2.497,0.0
China,1963,683903552.0,705534361600.0,456.779,406.129,1.957,23.27,3.355,0.0
China,1964,704593792.0,804504993792.0,460.637,401.574,2.03,27.729,5.032,0.0
China,1965,723846336.0,896126812160.0,500.286,432.993,2.11,34.999,6.801,0.0
China,1966,742948544.0,927339380736.0,549.459,469.765,2.568,44.547,8.387,0.0
China,1967,761006272.0,933378392064.0,460.226,383.599,2.799,42.499,6.085,0.0
China,1968,780371968.0,912372793344.0,495.507,412.72,2.686,48.651,5.253,0.0
China,1969,801430976.0,1006175649792.0,607.683,501.177,3.759,66.85,7.613,0.0
China,1970,822534464.0,1144004411392.0,807.953,665.866,5.503,94.645,10.718,0.0
China,1971,843285440.0,1216237928448.0,909.21,736.424,7.174,120.091,13.124,0.0
China,1972,862840384.0,1233564991488.0,968.646,770.722,9.281,138.328,14.717,0.0
China,1973,881652096.0,1334375219200.0,1008.293,783.741,11.468,158.819,15.456,0.0
China,1974,899367680.0,1367631724544.0,1028.1,776.101,14.44,182.573,15.34,0.0
China,1975,915124672.0,1460733607936.0,1183.215,906.638,16.972,204.191,19.102,0.0
China,1976,929375936.0,1413710479360.0,1226.421,910.39,19.368,238.985,19.253,0.0
China,1977,942581312.0,1493489287168.0,1340.831,998.609,23.237,257.484,22.906,0.0
China,1978,955138944.0,1667551723520.0,1492.778,1117.447,26.286,281.992,26.81,0.0
China,1979,968298944.0,1801380298752.0,1525.661,1147.547,27.777,278.427,30.32,0.0
China,1980,982372480.0,1893783568384.0,1494.496,1122.664,27.319,273.202,32.712,0.0
China,1981,997259520.0,1949955260416.0,1476.488,1125.005,24.388,256.374,33.903,0.0
China,1982,1013483200.0,2128598007808.0,1606.585,1248.856,22.9,257.81,38.87,0.0
China,1983,1029226880.0,2278862356480.0,1694.217,1321.843,23.439,263.771,44.126,0.0
China,1984,1044172224.0,2534000295936.0,1844.828,1454.198,24.226,271.451,50.066,0.0
China,1985,1060240000.0,2752673742848.0,1998.083,1584.511,24.82,284.594,59.301,0.0
China,1986,1077770496.0,2931539050496.0,2104.213,1657.391,26.352,303.068,67.362,0.0
China,1987,1096851840.0,3177306390528.0,2257.739,1770.269,26.601,321.523,75.429,0.0
China,1988,1115889792.0,3354463305728.0,2425.894,1892.698,27.311,343.13,84.961,0.0
China,1989,1134414720.0,3380560265216.0,2463.654,1920.239,28.821,354.441,84.886,0.0
China,1990,1153704192.0,3385121832960.0,2484.855,1976.684,29.301,330.291,84.513,764.18
China,1991,1170626176.0,3508947910656.0,2606.096,2049.92,30.778,356.027,101.305,773.83
China,1992,1183813376.0,3755037425664.0,2730.788,2114.715,30.239,385.793,122.445,779.55
China,1993,1195855616.0,4126169366528.0,2921.651,2228.745,35.728,428.549,142.774,788.86
China,1994,1207286656.0,4438753280000.0,3103.739,2380.586,41.568,423.712,164.377,811.27
China,1995,1218144384.0,4810000039936.0,3361.637,2569.754,42.436,468.23,184.637,848.71
China,1996,1228298880.0,5127589593088.0,3508.818,2660.401,44.47,510.622,192.853,857.26
China,1997,1237801472.0,5291339415552.0,3515.594,2609.556,44.159,557.961,202.874,812.25
China,1998,1246836096.0,5338703069184.0,3364.587,2444.771,50.501,559.262,211.369,814.34
China,1999,1255433216.0,5578502963200.0,3557.275,2580.992,54.572,596.751,228.322,808.7
China,2000,1264099072.0,5952682590208.0,3649.201,2601.737,59.796,648.686,244.388,808.41
China,2001,1272739584.0,6329737412608.0,3728.513,2637.655,67.157,659.3,270.828,800.87
China,2002,1280926080.0,6814493573120.0,4103.042,3018.634,53.993,653.086,282.688,793.65
China,2003,1288873344.0,7248623435776.0,4841.119,3601.712,60.745,727.099,353.679,818.95
China,2004,1296816768.0,7830953263104.0,5217.351,3835.288,71.521,839.093,368.396,865.02
China,2005,1304887552.0,8602939555840.0,5882.143,4424.39,84.957,850.173,411.649,902.04
China,2006,1313086592.0,9489543593984.0,6494.338,4905.374,103.753,898.534,470.087,940.51
China,2007,1321513216.0,10358205972480.0,6983.577,5289.904,129.515,927.351,514.981,970.03
China,2008,1330167168.0,10799147909120.0,7501.498,5729.474,149.674,970.117,525.924,988.56
China,2009,1339125632.0,11572544012288.0,7891.089,6028.5,164.404,982.348,583.56,1017.72
China,2010,1348191360.0,12858808074240.0,8620.627,6568.793,199.585,1092.572,639.592,1066.02
China,2011,1357095424.0,13691527364608.0,9532.409,7309.786,245.99,1123.859,708.564,1112.8
China,2012,1366560768.0,14773157625856.0,9779.354,7464.806,277.599,1176.712,714.782,1113.26
China,2013,1376100352.0,15925464006656.0,9956.376,7493.454,320.127,1234.622,748.323,1136.23
China,2014,1385189632.0,17103948087296.0,9998.674,7425.067,370.222,1255.605,778.627,1149.47
China,2015,1393715456.0,18301224747008.0,9866.951,7266.979,380.052,1328.805,721.995,1147.67
China,2016,1401889664.0,19545710395392.0,9765.029,7071.404,421.726,1357.838,743.044,1107.28
China,2017,1410275968.0,20894363680768.0,10011.151,7163.318,486.359,1430.587,758.185,1116.91
China,2018,1417069440.0,22294286041088.0,10353.935,7316.4,575.369,1500.474,786.745,1147.49
China,2019,1421864064.0,23631939764224.0,10721.042,7523.17,630.171,1559.728,826.876,1163.53
China,2020,1424929792.0,24151844716544.0,10914.012,7679.546,676.473,1523.052,858.233,1186.57
China,2021,1425893504.0,26180600201216.0,11336.233,7979.436,764.102,1564.37,851.974,0.0
China,2022,1425887360.0,26966017179648.0,11396.777,8250.736,755.172,1451.287,763.365,0.0
France,1941,40401955.0,208850403328.0,119.927,118.245,0.0,0.0,1.683,0.0
France,1942,40507882.0,187228798976.0,122.496,121.081,0.004,0.176,1.236,0.0
France,1943,40655418.0,177801003008.0,125.246,123.517,0.077,0.205,1.446,0.0
France,1944,40803492.0,150192898048.0,79.986,78.959,0.114,0.18,0.734,0.0
France,1945,40952105.0,162809692160.0,107.166,105.333,0.147,0.909,0.778,0.0
France,1946,41101259.0,247582048256.0,165.245,156.79,0.187,7.222,1.047,0.0
France,1947,41250956.0,268325273600.0,183.624,167.954,0.495,13.271,1.904,0.0
France,1948,41401199.0,287852232704.0,196.501,172.619,0.612,20.61,2.66,0.0
France,1949,41598134.0,327028310016.0,229.051,195.775,0.832,29.261,3.184,0.0
France,1950,41842356.0,351453773824.0,202.279,166.851,0.447,31.419,3.562,0.0
France,1951,42196660.0,373113716736.0,228.729,186.97,0.557,37.186,4.016,0.0
France,1952,42542396.0,382998904832.0,226.986,181.83,0.564,40.319,4.274,0.0
France,1953,42883300.0,394064691200.0,214.548,166.628,0.524,42.796,4.601,0.0
France,1954,43225644.0,413153820672.0,226.352,172.138,0.605,48.793,4.815,0.0
France,1955,43593852.0,436918059008.0,238.982,179.389,0.725,53.619,5.248,0.0
France,1956,43959224.0,458984652800.0,268.499,201.711,0.89,60.243,5.655,0.0
France,1957,44338088.0,486693404672.0,277.497,207.481,1.147,62.636,6.233,0.0
France,1958,44754360.0,498861244416.0,266.154,190.839,1.367,67.319,6.629,0.0
France,1959,45201848.0,513138982912.0,261.89,180.331,2.843,71.796,6.92,0.0
France,1960,45659572.0,549318524928.0,296.114,198.089,6.229,84.789,7.007,0.0
France,1961,46143028.0,579768680448.0,315.682,204.843,8.933,94.302,7.603,0.0
France,1962,46635188.0,618376462336.0,332.887,208.463,10.426,105.654,8.344,0.0
France,1963,47121244.0,650490675200.0,338.008,200.152,9.713,119.181,8.962,0.0
France,1964,47641948.0,693811347456.0,368.856,203.89,10.758,143.563,10.645,0.0
France,1965,48168800.0,727557406720.0,363.468,184.405,10.427,157.58,11.055,0.0
France,1966,48683088.0,764514074624.0,380.366,180.9,11.651,176.298,11.517,0.0
France,1967,49181404.0,799864782848.0,404.644,176.793,13.17,202.63,12.051,0.0
France,1968,49647272.0,835171385344.0,418.226,169.45,15.609,220.617,12.549,0.0
France,1969,50087056.0,893107437568.0,443.374,167.366,17.861,244.533,13.614,0.0
France,1970,50523588.0,944232660992.0,460.425,153.507,19.84,272.741,14.337,0.0
France,1971,50970696.0,989968596992.0,493.395,142.388,23.876,307.24,14.192,0.0
France,1972,51410364.0,1034024779776.0,513.964,126.187,28.366,339.294,14.545,0.0
France,1973,51814076.0,1090179825664.0,538.655,120.801,32.53,365.208,14.812,0.0
France,1974,52163552.0,1122228371456.0,520.659,121.255,33.868,345.038,15.466,0.0
France,1975,52450032.0,1114332594176.0,482.165,110.125,39.083,314.194,14.033,0.0
France,1976,52685272.0,1162522918912.0,523.447,124.309,40.25,340.146,13.824,0.0
France,1977,52925440.0,1205940912128.0,506.948,123.506,42.74,322.262,13.443,0.0
France,1978,53175308.0,1239356145664.0,528.755,120.04,46.082,344.777,12.954,0.0
France,1979,53428780.0,1279104516096.0,532.113,126.012,48.895,340.227,13.209,0.0
France,1980,53713836.0,1297124032512.0,511.047,127.012,49.836,318.133,13.22,0.0
France,1981,54016748.0,1310463361024.0,459.302,111.731,50.811,282.155,12.71,0.0
France,1982,54319652.0,1343411585024.0,440.364,114.72,48.891,264.14,11.669,0.0
France,1983,54592384.0,1359074689024.0,423.248,101.525,53.412,257.472,10.839,0.0
France,1984,54845984.0,1379095674880.0,411.961,99.965,54.762,247.277,9.958,0.0
France,1985,55108104.0,1398409920512.0,405.138,97.003,56.7,241.211,10.224,0.0
France,1986,55371640.0,1431625531392.0,390.285,79.504,56.659,244.013,10.108,0.0
France,1987,55641536.0,1467808743424.0,387.705,74.48,54.366,248.817,10.042,0.0
France,1988,55911476.0,1532315566080.0,385.545,76.673,54.638,243.55,10.684,0.0
France,1989,56169944.0,1594471874560.0,399.62,80.728,55.635,252.034,11.223,0.0
France,1990,56412896.0,1636207689728.0,393.431,80.38,58.984,233.805,10.937,70.65
France,1991,56645216.0,1654070181888.0,417.775,85.957,66.655,245.466,10.386,70.56
France,1992,56864048.0,1681416912896.0,407.717,77.898,67.7,243.951,9.343,70.01
France,1993,57053728.0,1671995850752.0,388.398,63.045,67.881,240.188,8.592,70.15
France,1994,57230064.0,1712086450176.0,381.576,61.754,67.455,234.38,8.775,70.17
France,1995,57420356.0,1748659601408.0,386.457,62.893,68.613,237.056,8.635,70.66
France,1996,57623180.0,1773843120128.0,402.893,65.256,75.741,244.139,8.436,71.16
France,1997,57839364.0,1816394858496.0,395.512,61.209,75.005,241.71,8.111,70.34
France,1998,58080344.0,1882050265088.0,413.965,71.225,76.789,247.829,8.686,70.57
France,1999,58352208.0,1949849354240.0,412.37,66.294,80.607,248.092,8.386,70.68
France,2000,58665456.0,2031676030976.0,406.508,65.595,84.108,239.201,8.561,72.97
France,2001,59014776.0,2077786767360.0,411.016,56.02,88.303,249.218,8.655,73.23
France,2002,59372784.0,2107316502528.0,406.431,58.498,87.808,242.885,8.643,71.93
France,2003,59728260.0,2130940657664.0,412.457,59.119,91.503,244.742,8.556,70.79
France,2004,60108436.0,2196883505152.0,413.663,58.165,93.088,244.676,9.065,70.07
France,2005,60510080.0,2238790500352.0,416.151,62.002,94.816,241.795,9.108,69.37
France,2006,60919152.0,2297018187776.0,406.31,59.43,92.19,236.564,9.307,68.67
France,2007,61329380.0,2354672041984.0,396.198,61.307,89.04,227.299,9.478,68.87
France,2008,61721004.0,2362451689472.0,389.427,56.113,91.927,223.303,8.88,69.01
France,2009,62093300.0,2295353049088.0,370.966,45.106,90.555,219.245,7.679,67.81
France,2010,62444568.0,2342490472448.0,376.564,49.002,95.999,215.554,7.888,67.7
France,2011,62775272.0,2393401982976.0,354.089,42.043,87.586,208.283,8.065,65.31
France,2012,63071412.0,2400896417792.0,356.445,46.709,90.408,204.385,7.502,64.75
France,2013,63335180.0,2414733688832.0,358.487,49.449,90.991,203.403,7.3,64.63
France,2014,63588496.0,2437822808064.0,327.009,39.449,76.263,197.148,6.975,63.5
France,2015,63809768.0,2464953663488.0,331.414,37.941,81.213,198.792,6.606,62.91
France,2016,63989320.0,2491956330496.0,334.005,35.853,88.856,196.002,6.639,61.99
France,2017,64144092.0,2549057585152.0,336.896,39.819,89.01,195.042,6.483,61.12
France,2018,64277812.0,2596599234560.0,322.079,35.013,84.615,188.833,6.701,60.35
France,2019,64399760.0,2644453883904.0,315.45,29.343,86.144,186.758,6.807,59.48
France,2020,64480052.0,2438594035712.0,281.539,23.856,80.072,165.558,6.197,58.46
France,2021,64531448.0,2604822691840.0,306.776,30.421,85.261,178.827,6.495,0.0
France,2022,64626624.0,2671568748544.0,297.534,27.961,77.924,179.344,6.495,0.0
Germany,1941,71850770.0,639431147520.0,660.793,652.393,0.026,2.766,5.608,0.0
Germany,1942,71830612.0,648060272640.0,667.899,661.99,0.026,2.283,3.602,0.0
Germany,1943,71678963.0,661088894976.0,679.43,672.747,0.018,2.18,4.485,0.0
Germany,1944,71527635.0,677550751744.0,600.273,597.928,0.132,2.213,0.0,0.0
Germany,1945,71376625.0,482064990208.0,116.065,114.258,0.136,1.671,0.0,0.0
Germany,1946,71225935.0,228572053504.0,271.682,268.241,0.165,1.993,1.283,0.0
Germany,1947,71075562.0,256643006464.0,317.66,314.254,0.117,1.77,1.519,0.0
Germany,1948,70925507.0,303971500032.0,377.816,364.81,0.103,9.688,3.216,0.0
Germany,1949,70888212.0,355660922880.0,432.148,421.371,0.081,5.917,4.779,0.0
Germany,1950,70964104.0,422965084160.0,510.682,496.901,0.044,7.566,6.171,0.0
Germany,1951,70820040.0,461743915008.0,576.866,558.774,0.055,11.076,6.96,0.0
Germany,1952,70808376.0,501792178176.0,610.981,590.362,0.099,13.055,7.465,0.0
Germany,1953,70879448.0,543743705088.0,623.492,597.188,0.227,17.126,8.951,0.0
Germany,1954,71020736.0,584376975360.0,659.732,625.474,0.363,24.413,9.482,0.0
Germany,1955,71222632.0,648607432704.0,723.498,682.295,0.729,29.88,10.594,0.0
Germany,1956,71473272.0,695152345088.0,766.191,715.128,1.059,38.897,11.106,0.0
Germany,1957,71771632.0,734905368576.0,777.908,720.17,1.052,45.503,11.183,0.0
Germany,1958,72136480.0,767711444992.0,756.379,688.729,1.037,55.125,11.488,0.0
Germany,1959,72578952.0,823838441472.0,755.795,670.654,1.187,70.426,13.527,0.0
Germany,1960,73063696.0,890209959936.0,813.95,707.214,1.348,90.593,14.795,0.0
Germany,1961,73604352.0,926835933184.0,834.84,711.645,1.48,105.691,16.023,0.0
Germany,1962,74194424.0,966424920064.0,883.169,732.013,1.968,132.369,16.819,0.0
Germany,1963,74796216.0,993706180608.0,945.498,761.687,2.561,164.114,17.136,0.0
Germany,1964,75423248.0,1054006837248.0,968.917,755.615,3.825,190.005,19.473,0.0
Germany,1965,76037464.0,1107504005120.0,960.102,716.917,5.536,217.77,19.88,0.0
Germany,1966,76618720.0,1140349075456.0,951.422,680.103,6.679,244.283,20.356,0.0
Germany,1967,77173552.0,1143923146752.0,936.229,653.866,8.775,254.377,19.211,0.0
Germany,1968,77646128.0,1204136574976.0,984.791,659.625,14.466,290.439,20.261,0.0
Germany,1969,78012488.0,1283751411712.0,1052.001,686.183,20.621,324.194,21.003,0.0
Germany,1970,78294592.0,1343859851264.0,1026.022,603.234,29.766,370.134,22.889,0.0
Germany,1971,78511408.0,1383509131264.0,1037.237,588.132,40.183,384.682,24.24,0.0
Germany,1972,78643560.0,1440601473024.0,1041.481,553.577,52.651,410.007,25.245,0.0
Germany,1973,78667472.0,1505896431616.0,1085.738,561.926,67.751,431.74,24.322,0.0
Germany,1974,78620536.0,1518360985600.0,1062.727,565.844,84.495,390.431,21.957,0.0
Germany,1975,78513512.0,1510149980160.0,1002.447,515.979,88.812,376.809,20.847,0.0
Germany,1976,78364216.0,1583048163328.0,1090.84,555.972,93.634,419.362,21.872,0.0
Germany,1977,78221280.0,1628636053504.0,1052.609,516.648,98.049,416.829,21.083,0.0
Germany,1978,78071552.0,1674283057152.0,1079.133,523.741,105.271,428.176,21.944,0.0
Germany,1979,77915728.0,1741603078144.0,1117.888,549.173,114.72,431.588,22.407,0.0
Germany,1980,77786696.0,1761467957248.0,1100.066,551.176,115.453,412.456,20.981,0.0
Germany,1981,77684488.0,1768196538368.0,1048.523,557.749,110.001,361.3,19.474,0.0
Germany,1982,77610424.0,1753143181312.0,1015.734,550.813,102.017,344.464,18.441,0.0
Germany,1983,77566064.0,1784298602496.0,1011.605,553.738,106.021,333.397,18.448,0.0
Germany,1984,77568576.0,1834585161728.0,1033.245,572.331,108.531,334.89,17.492,0.0
Germany,1985,77638808.0,1874769739776.0,1044.118,579.376,108.532,340.222,15.989,0.0
Germany,1986,77803352.0,1916181413888.0,1047.472,573.762,100.551,356.828,16.331,0.0
Germany,1987,78090896.0,1945055789056.0,1032.443,560.224,109.547,345.535,15.796,0.0
Germany,1988,78477528.0,2009989382144.0,1029.024,552.861,107.637,351.26,16.056,0.0
Germany,1989,78916440.0,2075675197440.0,1008.792,546.779,121.909,322.795,16.72,0.0
Germany,1990,79370192.0,2015547490304.0,1054.741,569.117,122.282,333.267,15.297,99.83
Germany,1991,79801984.0,2141316317184.0,1016.87,504.043,130.146,355.252,13.741,96.97
Germany,1992,80205024.0,2204952428544.0,969.474,454.311,129.37,357.921,14.444,91.52
Germany,1993,80573496.0,2206290935808.0,959.367,430.776,136.288,364.574,14.531,89.98
Germany,1994,80882120.0,2283952930816.0,943.185,418.185,142.15,353.769,15.341,88.51
Germany,1995,81123264.0,2347761139712.0,939.897,406.046,152.97,351.664,15.562,87.49
Germany,1996,81300864.0,2391519789056.0,959.653,400.612,169.956,361.019,14.811,86.23
Germany,1997,81436096.0,2461046145024.0,931.487,386.864,162.878,353.047,15.275,83.26
Germany,1998,81524384.0,2535903723520.0,923.467,377.48,165.378,351.882,15.545,79.77
Germany,1999,81556968.0,2613176696832.0,895.402,360.052,165.627,340.806,15.771,77.55
Germany,2000,81551680.0,2718560681984.0,898.938,373.46,166.421,330.737,15.253,74.99
Germany,2001,81514568.0,2793372909568.0,915.242,376.52,173.8,338.856,13.504,73.32
Germany,2002,81443424.0,2822441533440.0,898.835,375.786,173.61,324.412,12.823,71.09
Germany,2003,81346808.0,2831676080128.0,899.858,379.524,174.859,319.712,13.507,68.93
Germany,2004,81266672.0,2894624980992.0,885.633,375.978,173.344,310.181,14.068,66.26
Germany,2005,81212168.0,2945460994048.0,865.471,363.226,173.416,304.012,13.05,64.63
Germany,2006,81177816.0,3086359199744.0,877.498,369.583,178.383,304.138,13.34,62.77
Germany,2007,81183832.0,3220275724288.0,850.23,379.374,174.428,269.802,14.449,61.21
Germany,2008,81217488.0,3289020366848.0,852.858,356.208,179.821,291.228,13.579,60.81
Germany,2009,81260624.0,3136502104064.0,788.286,317.893,167.4,280.159,12.559,58.9
Germany,2010,81325088.0,3301123031040.0,831.13,343.352,183.991,280.447,12.431,57.84
Germany,2011,81423384.0,3467712921600.0,807.614,344.685,168.397,269.85,13.393,55.94
Germany,2012,81545568.0,3482225475584.0,812.816,349.791,168.05,270.706,13.289,55.34
Germany,2013,81680592.0,3497463119872.0,833.804,356.89,170.536,282.552,12.503,55.08
Germany,2014,81858824.0,3574741336064.0,794.738,344.857,152.279,273.335,12.905,53.39
Germany,2015,82073232.0,3628073746432.0,798.085,341.028,157.466,275.835,12.626,52.53
Germany,2016,82331432.0,3708980035584.0,801.745,329.449,169.476,279.118,12.663,51.6
Germany,2017,82624368.0,3808389496832.0,785.986,310.775,171.428,279.439,13.408,51.15
Germany,2018,82896696.0,3845758648320.0,754.811,295.686,169.574,265.495,13.228,49.6
Germany,2019,83148144.0,3886392803328.0,707.491,240.115,172.524,271.031,13.287,48.45
Germany,2020,83328992.0,3742720851968.0,647.252,198.559,171.058,254.431,13.357,46.92
Germany,2021,83408560.0,3841041629184.0,678.799,232.334,179.755,242.793,13.64,0.0
Germany,2022,83369840.0,3909612732416.0,665.605,242.395,151.885,248.184,12.832,0.0
India,1941,374175756.0,431261712384.0,53.581,51.31,0.0,1.187,1.084,0.0
India,1942,372999886.0,428796608512.0,53.53,51.254,0.0,1.143,1.133,0.0
India,1943,370228201.0,446201692160.0,46.644,44.428,0.0,1.121,1.095,0.0
India,1944,367477113.0,441698385920.0,47.696,45.499,0.0,1.14,1.058,0.0
India,1945,364746467.0,434203197440.0,52.874,50.793,0.0,0.971,1.11,0.0
India,1946,362036112.0,411463188480.0,52.225,50.322,0.0,0.898,1.005,0.0
India,1947,359345897.0,340810006528.0,53.18,51.668,0.0,0.762,0.75,0.0
India,1948,356675672.0,344050008064.0,53.204,51.628,0.0,0.769,0.806,0.0
India,1949,355893489.0,353225015296.0,56.188,54.323,0.0,0.777,1.088,0.0
India,1950,357021120.0,354332999680.0,61.103,52.56,0.0,7.189,1.354,0.0
India,1951,364922368.0,362445012992.0,64.022,54.512,0.0,7.852,1.658,0.0
India,1952,372997184.0,373116010496.0,67.426,58.03,0.0,7.562,1.834,0.0
India,1953,381227712.0,396813008896.0,68.705,59.067,0.0,7.68,1.958,0.0
India,1954,389731392.0,413406003200.0,72.414,60.592,0.0,9.541,2.281,0.0
India,1955,398577984.0,423653998592.0,78.788,63.711,0.0,12.751,2.326,0.0
India,1956,407656608.0,447916998656.0,81.656,65.157,0.0,13.945,2.554,0.0
India,1957,416935392.0,443355987968.0,91.635,72.838,0.0,15.894,2.903,0.0
India,1958,426295776.0,476938010624.0,95.816,75.819,0.0,16.843,3.154,0.0
India,1959,435900352.0,486917996544.0,101.447,79.523,0.0,18.387,3.537,0.0
India,1960,445954560.0,520800010240.0,111.325,87.878,0.0,19.445,4.002,0.0
India,1961,456351872.0,536351997952.0,120.404,94.885,0.004,21.31,4.205,0.0
India,1962,467024192.0,548431986688.0,132.582,103.26,0.011,24.885,4.381,0.0
India,1963,477933632.0,576287997952.0,142.444,110.42,0.011,27.106,4.771,0.0
India,1964,489059296.0,620466012160.0,139.488,105.924,0.022,28.122,4.944,0.0
India,1965,500114336.0,596064993280.0,153.702,116.456,0.282,30.815,5.398,0.0
India,1966,510992608.0,601424986112.0,159.373,116.984,0.311,35.676,5.57,0.0
India,1967,521987072.0,650715987968.0,159.556,119.096,0.487,32.698,5.821,0.0
India,1968,533431904.0,668219998208.0,174.069,123.826,0.751,42.25,5.872,0.0
India,1969,545314688.0,712563032064.0,177.413,123.368,0.997,45.35,6.438,0.0
India,1970,557501312.0,748744015872.0,181.723,123.551,0.923,49.332,6.495,0.0
India,1971,569999168.0,755656032256.0,191.964,126.966,1.085,55.443,7.052,0.0
India,1972,582837952.0,753543020544.0,203.036,134.377,1.205,58.878,7.363,0.0
India,1973,596107456.0,788800012288.0,209.095,137.809,1.169,61.749,6.921,0.0
India,1974,609721920.0,796992012288.0,215.853,145.639,1.359,60.628,6.501,0.0
India,1975,623524224.0,868009967616.0,234.209,161.338,1.733,61.838,7.288,0.0
India,1976,637451456.0,878540029952.0,244.749,168.92,2.294,63.438,8.279,0.0
India,1977,651685632.0,947196002304.0,258.962,177.51,2.481,68.557,8.322,0.0
India,1978,666267776.0,997920014336.0,263.15,174.689,2.741,75.317,8.421,0.0
India,1979,681248384.0,947528007680.0,276.285,180.622,3.03,82.664,7.752,0.0
India,1980,696828352.0,1015104995328.0,291.711,197.337,2.488,83.176,7.545,0.0
India,1981,712869312.0,1077444018176.0,314.966,210.305,2.884,89.713,8.888,0.0
India,1982,729169472.0,1111560028160.0,325.38,213.123,4.36,94.407,9.676,0.0
India,1983,745826560.0,1202349015040.0,352.199,232.519,5.243,99.17,10.951,0.0
India,1984,762895168.0,1248909983744.0,361.559,231.493,6.17,106.105,12.593,0.0
India,1985,780242112.0,1298600034304.0,397.592,253.289,7.2,116.76,14.39,0.0
India,1986,797878976.0,1353105014784.0,426.309,273.171,10.31,121.857,16.006,0.0
India,1987,815716160.0,1412883939328.0,455.343,291.856,12.776,127.671,16.412,0.0
India,1988,833729664.0,1560089985024.0,491.692,317.172,15.206,133.615,18.229,0.0
India,1989,852012672.0,1663727960064.0,540.651,339.625,18.518,150.714,20.791,0.0
India,1990,870452160.0,1750992945152.0,577.996,366.514,21.097,158.167,22.348,530.35
India,1991,888941760.0,1768493547520.0,615.365,393.043,23.563,166.423,24.503,536.65
India,1992,907574080.0,1851711422464.0,655.447,411.414,27.256,188.055,25.156,538.0
India,1993,926351296.0,1944353767424.0,677.299,433.121,26.996,186.879,26.602,542.21
India,1994,945261952.0,2055026769920.0,714.064,455.72,28.997,198.955,28.54,546.88
India,1995,964279104.0,2189535739904.0,760.462,471.723,39.051,216.281,31.104,557.5
India,1996,983281216.0,2345228828672.0,823.621,504.498,39.747,243.16,34.079,566.34
India,1997,1002335232.0,2426804895744.0,858.011,527.722,46.024,244.202,37.418,575.36
India,1998,1021434560.0,2567853047808.0,875.772,524.125,47.595,262.892,39.026,583.3
India,1999,1040500032.0,2710352953344.0,950.46,560.528,42.316,300.976,44.592,591.91
India,2000,1059633664.0,2804478640128.0,977.526,572.876,43.873,312.847,45.957,595.95
India,2001,1078970880.0,2940745547776.0,990.97,582.083,43.569,316.721,46.74,597.95
India,2002,1098313088.0,3024984473600.0,1021.664,598.597,47.134,325.22,49.111,591.45
India,2003,1117415168.0,3251114344448.0,1059.16,625.89,49.988,330.615,50.88,600.99
India,2004,1136264576.0,3495022821376.0,1125.096,669.968,49.585,348.234,55.545,609.37
India,2005,1154638720.0,3752627535872.0,1185.674,721.469,50.439,352.376,59.687,621.67
India,2006,1172373760.0,4069856116736.0,1292.485,773.564,82.58,369.694,64.905,631.08
India,2007,1189691776.0,4403214942208.0,1392.506,842.477,87.956,391.897,68.333,645.31
India,2008,1206734848.0,4649547988992.0,1489.437,910.795,90.277,413.233,73.245,652.89
India,2009,1223640192.0,4993478819840.0,1612.216,983.947,112.463,432.66,81.268,656.67
India,2010,1240613632.0,5361371185152.0,1677.337,1015.983,134.121,439.5,86.029,663.02
India,2011,1257621248.0,5720693014528.0,1764.712,1074.385,136.26,460.104,91.314,668.18
India,2012,1274487168.0,6052427857920.0,1925.7,1206.452,125.605,489.814,100.237,670.17
India,2013,1291132032.0,6424470487040.0,1995.098,1276.383,110.689,496.94,107.82,672.31
India,2014,1307246464.0,6875186200576.0,2148.344,1407.057,109.467,512.465,115.825,676.35
India,2015,1322866560.0,7391521275904.0,2234.219,1449.587,106.871,556.117,117.508,680.55
India,2016,1338636288.0,8057466126336.0,2354.658,1499.401,113.622,614.597,123.281,686.7
India,2017,1354195712.0,8550029459456.0,2426.607,1551.256,118.922,632.558,121.047,690.35
India,2018,1369003264.0,9173200797696.0,2593.058,1668.318,126.201,657.084,138.965,698.39
India,2019,1383112064.0,9595463401472.0,2612.888,1661.94,128.676,676.154,143.664,698.12
India,2020,1396387072.0,8945313775616.0,2421.552,1561.799,127.994,606.045,122.908,698.5
India,2021,1407563904.0,9801620783104.0,2674.222,1767.297,133.192,621.928,149.033,0.0
India,2022,1417173120.0,10476248367104.0,2829.644,1854.258,124.009,684.131,164.323,0.0
Iran,1941,15364059.0,0.0,20.822,0.238,0.0,20.559,0.025,0.0
Iran,1942,15524597.0,0.0,29.532,0.216,0.0,29.29,0.025,0.0
Iran,1943,15659633.0,0.0,30.455,0.183,0.0,30.254,0.018,0.0
Iran,1944,15795843.0,0.0,41.66,0.264,0.0,41.378,0.018,0.0
Iran,1945,15933238.0,0.0,52.897,0.399,0.0,52.487,0.011,0.0
Iran,1946,16071828.0,0.0,60.232,0.399,0.0,59.811,0.022,0.0
Iran,1947,16211624.0,0.0,63.468,0.498,0.0,62.948,0.022,0.0
Iran,1948,16352636.0,0.0,77.951,0.399,0.0,77.519,0.033,0.0
Iran,1949,16558920.0,0.0,8.13,0.451,0.0,7.65,0.029,0.0
Iran,1950,16832842.0,44850892800.0,9.601,0.531,0.0,9.037,0.033,0.0
Iran,1951,17219634.0,44840296448.0,6.914,0.451,0.0,6.43,0.033,0.0
Iran,1952,17614458.0,44843151360.0,4.092,0.399,0.0,3.668,0.025,0.0
Iran,1953,18017556.0,44886630400.0,3.829,0.411,0.0,3.385,0.033,0.0
Iran,1954,18434882.0,44884365312.0,1.044,0.665,0.0,0.347,0.033,0.0
Iran,1955,18873866.0,44862808064.0,15.813,0.649,0.583,2.876,0.065,0.0
Iran,1956,19332418.0,48871698432.0,22.808,0.506,0.85,8.588,0.109,0.0
Iran,1957,19805916.0,55700860928.0,21.8,0.465,1.403,11.111,0.156,0.0
Iran,1958,20295116.0,62178750464.0,25.229,0.513,1.44,13.201,0.204,0.0
Iran,1959,20821856.0,67527569408.0,25.569,0.63,1.759,11.684,0.287,0.0
Iran,1960,21388810.0,74059071488.0,37.359,0.612,1.839,21.835,0.392,0.0
Iran,1961,21983630.0,80338485248.0,36.509,0.524,1.902,19.326,0.367,0.0
Iran,1962,22605052.0,81892024320.0,37.428,0.542,2.037,18.708,0.367,0.0
Iran,1963,23259096.0,90921967616.0,41.305,0.605,2.206,20.271,0.367,0.0
Iran,1964,23948632.0,97500512256.0,47.519,0.725,2.308,23.571,0.367,0.0
Iran,1965,24667028.0,109475799040.0,53.718,0.755,2.378,24.627,0.389,0.0
Iran,1966,25398706.0,120466931712.0,64.103,0.755,2.682,26.309,0.691,0.0
Iran,1967,26133346.0,134024249344.0,67.881,0.769,2.84,27.608,0.691,0.0
Iran,1968,26875302.0,154230439936.0,82.33,0.788,3.037,36.501,0.959,0.0
Iran,1969,27643692.0,174223163392.0,83.039,1.301,9.021,28.693,1.159,0.0
Iran,1970,28449702.0,192659390464.0,91.787,1.26,20.559,32.72,1.272,0.0
Iran,1971,29273686.0,216529780736.0,101.628,1.429,18.027,39.355,1.41,0.0
Iran,1972,30111578.0,251717222400.0,106.015,2.425,17.466,38.035,1.668,0.0
Iran,1973,30981904.0,273301962752.0,129.475,2.664,19.188,51.138,1.726,0.0
Iran,1974,31895540.0,297538945024.0,143.775,3.037,24.175,60.156,2.235,0.0
Iran,1975,32856976.0,311929438208.0,139.214,2.616,22.889,65.329,2.653,0.0
Iran,1976,33841064.0,365375389696.0,156.459,2.327,22.834,74.181,2.985,0.0
Iran,1977,34876504.0,360749400064.0,163.732,2.334,20.445,86.256,3.512,0.0
Iran,1978,35993664.0,318003249152.0,162.104,2.535,18.833,85.074,5.746,0.0
Iran,1979,37205012.0,290524364800.0,162.982,2.407,24.05,102.588,3.573,0.0
Iran,1980,38520668.0,249697452032.0,120.494,2.433,13.282,82.883,3.678,0.0
Iran,1981,40476260.0,242198921216.0,112.996,1.927,12.142,79.948,4.175,0.0
Iran,1982,42500036.0,280254611456.0,137.771,2.997,12.626,90.127,4.61,0.0
Iran,1983,44027988.0,317242867712.0,149.585,2.752,16.034,101.189,4.894,0.0
Iran,1984,45628400.0,322589097984.0,149.864,3.272,25.138,103.747,5.209,0.0
Iran,1985,47266160.0,330378084352.0,159.857,3.426,27.392,113.229,5.43,0.0
Iran,1986,48913236.0,299361796096.0,147.603,3.58,28.543,99.851,5.44,0.0
Iran,1987,50541504.0,294831456256.0,158.563,3.653,30.602,109.616,5.462,0.0
Iran,1988,52111868.0,278182821888.0,175.143,3.704,38.395,120.102,5.25,0.0
Iran,1989,53644740.0,288903888896.0,190.198,3.056,42.59,136.279,5.389,0.0
Iran,1990,55793628.0,318478254080.0,209.944,2.693,40.015,139.287,6.13,104.16
Iran,1991,57990892.0,376283103232.0,221.834,3.843,49.617,139.79,6.27,110.09
Iran,1992,59372016.0,424984707072.0,226.935,3.385,52.647,142.941,6.226,115.31
Iran,1993,59755432.0,419990110208.0,235.607,4.133,60.69,146.528,6.559,120.68
Iran,1994,59985752.0,419488432128.0,263.327,4.173,73.287,157.266,6.78,121.14
Iran,1995,60794808.0,437566111744.0,269.27,3.909,81.575,156.607,6.986,123.65
Iran,1996,61598380.0,483475488768.0,274.926,4.089,81.246,160.791,7.081,128.08
Iran,1997,62480528.0,512736329728.0,267.357,4.195,90.915,143.211,7.565,130.15
Iran,1998,63461424.0,541099753472.0,303.514,4.884,98.652,174.87,7.862,130.41
Iran,1999,64474748.0,563869057024.0,371.974,4.976,114.287,227.718,8.477,131.85
Iran,2000,65544380.0,595554533376.0,364.302,5.328,120.448,210.118,9.118,140.06
Iran,2001,66674856.0,636570238976.0,386.158,4.14,127.654,227.454,9.922,139.29
Iran,2002,67327120.0,698059653120.0,393.41,4.664,143.816,217.927,10.446,136.18
Iran,2003,67954704.0,779969691648.0,407.077,5.188,158.468,210.79,10.749,150.9
Iran,2004,69061680.0,849441914880.0,437.679,4.994,178.9,221.765,11.32,156.67
Iran,2005,70182592.0,908856000512.0,462.003,6.086,200.161,222.489,11.344,161.97
Iran,2006,71275768.0,995245162496.0,496.07,5.983,221.54,233.364,12.305,167.01
Iran,2007,72319424.0,1098784571392.0,502.565,6.577,236.52,225.18,14.191,169.96
Iran,2008,73318400.0,1132365742080.0,522.557,5.859,246.875,233.945,15.627,167.74
Iran,2009,74322688.0,1208128372736.0,536.605,4.393,261.065,232.918,17.753,168.86
Iran,2010,75373864.0,1310507008000.0,552.953,5.448,277.22,227.533,21.561,172.48
Iran,2011,76342968.0,1345049329664.0,566.289,5.313,293.263,223.695,23.057,173.22
Iran,2012,77324448.0,1324570771456.0,588.365,4.129,292.274,247.162,24.068,163.66
Iran,2013,78458928.0,1287095582720.0,597.952,4.118,294.934,253.329,24.831,159.77
Iran,2014,79961672.0,1352736964608.0,632.673,3.591,335.007,247.8,23.491,163.73
Iran,2015,81790848.0,1331012173824.0,631.581,4.302,356.769,227.053,20.9,168.73
Iran,2016,83306232.0,1413723717632.0,633.827,3.451,380.704,200.124,19.761,196.32
Iran,2017,84505080.0,1486668300288.0,685.401,4.708,399.504,229.059,18.91,205.85
Iran,2018,85617560.0,1483607244800.0,710.215,4.459,418.29,235.936,19.091,205.27
Iran,2019,86564208.0,1438754537472.0,694.667,3.73,415.107,228.973,20.893,180.21
Iran,2020,87290192.0,1446203752448.0,679.007,3.723,419.401,207.088,23.87,174.64
Iran,2021,87923432.0,1525523152896.0,688.076,3.257,418.911,210.887,22.525,0.0
Iran,2022,88550568.0,1572209033216.0,690.635,3.723,405.62,227.263,21.654,0.0
Japan,1941,74587386.0,369006706688.0,154.605,150.832,0.099,0.791,2.882,0.0
Japan,1942,75612006.0,370533728256.0,147.792,144.816,0.099,0.725,2.151,0.0
Japan,1943,76666406.0,366773534720.0,150.637,147.949,0.081,0.747,1.861,0.0
Japan,1944,77735509.0,371697713152.0,138.733,136.484,0.081,0.703,1.465,0.0
Japan,1945,78819521.0,280326701056.0,76.635,75.306,0.073,0.678,0.578,0.0
Japan,1946,79918650.0,213947006976.0,52.707,51.593,0.066,0.59,0.458,0.0
Japan,1947,81033105.0,211776700416.0,70.032,68.795,0.07,0.557,0.611,0.0
Japan,1948,82163102.0,229021270016.0,88.082,86.584,0.092,0.487,0.919,0.0
Japan,1949,83270008.0,234992009216.0,98.42,96.103,0.103,0.594,1.621,0.0
Japan,1950,84353056.0,256610910208.0,102.541,95.729,0.136,4.47,2.206,0.0
Japan,1951,85683472.0,288620281856.0,123.458,111.001,0.161,9.057,3.238,0.0
Japan,1952,86921760.0,321973420032.0,130.406,113.94,0.18,12.769,3.518,0.0
Japan,1953,88057136.0,345711968256.0,145.77,119.179,0.216,22.043,4.332,0.0
Japan,1954,89093016.0,365311000576.0,142.534,113.009,0.275,23.974,5.277,0.0
Japan,1955,90090280.0,396713132032.0,141.875,108.89,0.344,27.418,5.222,0.0
Japan,1956,91021560.0,426510417920.0,160.636,121.381,0.469,32.349,6.436,0.0
Japan,1957,91837664.0,457723478016.0,188.067,136.038,0.638,43.89,7.501,0.0
Japan,1958,92671296.0,484394336256.0,181.161,126.485,0.927,46.342,7.407,0.0
Japan,1959,93575984.0,528525000704.0,192.62,125.847,1.172,57.067,8.533,0.0
Japan,1960,94464840.0,597858254848.0,232.5,139.144,1.601,80.615,11.139,0.0
Japan,1961,95355464.0,669824974848.0,282.787,160.866,2.045,107.701,12.175,0.0
Japan,1962,96267888.0,729663012864.0,292.864,154.214,2.66,121.762,14.228,0.0
Japan,1963,97246712.0,791534370816.0,324.835,155.339,3.671,151.023,14.802,0.0
Japan,1964,98319344.0,883860307968.0,358.891,160.207,4.005,178.38,16.3,0.0
Japan,1965,99468752.0,935329857536.0,386.471,165.748,3.609,200.956,16.158,0.0
Japan,1966,100466904.0,1034825433088.0,419.245,170.451,3.701,226.181,18.913,0.0
Japan,1967,101527856.0,1149408247808.0,489.307,181.499,3.909,282.661,21.239,0.0
Japan,1968,102819280.0,1297449615360.0,561.913,200.119,4.228,334.001,23.565,0.0
Japan,1969,104102072.0,1459365609472.0,653.215,221.022,4.719,402.074,25.4,0.0
Japan,1970,105416840.0,1615677620224.0,767.963,229.264,7.676,502.715,28.267,0.0
Japan,1971,106789360.0,1691571453952.0,796.544,206.385,8.094,552.756,29.27,0.0
Japan,1972,108220400.0,1833991274496.0,852.17,200.216,7.984,611.364,32.53,0.0
Japan,1973,109679472.0,1981290119168.0,914.265,214.385,10.582,651.026,38.192,0.0
Japan,1974,111100024.0,1957033279488.0,914.306,229.191,14.161,635.279,35.613,0.0
Japan,1975,112411640.0,2017465204736.0,868.511,213.422,17.155,606.028,31.796,0.0
Japan,1976,113624872.0,2097612062720.0,907.145,208.383,20.683,644.761,33.226,0.0
Japan,1977,114761520.0,2189767737344.0,933.238,204.52,24.684,668.696,35.235,0.0
Japan,1978,115809520.0,2305153040384.0,901.59,174.739,34.504,651.504,40.74,0.0
Japan,1979,116765512.0,2431613140992.0,953.071,190.938,40.89,679.159,41.985,0.0
Japan,1980,117624200.0,2500143611904.0,944.869,224.299,47.932,630.659,41.901,0.0
Japan,1981,118385728.0,2579316867072.0,926.836,247.358,48.592,590.551,40.261,0.0
Japan,1982,119098144.0,2658129674240.0,897.408,242.63,49.746,566.788,38.152,0.0
Japan,1983,119793752.0,2719951093760.0,880.909,229.795,53.348,559.573,38.101,0.0
Japan,1984,120470736.0,2826577117184.0,937.07,260.176,71.697,568.097,37.004,0.0
Japan,1985,121119024.0,2950873743360.0,912.401,271.788,76.981,529.481,34.052,0.0
Japan,1986,121710304.0,3036325871616.0,912.26,257.466,81.253,540.356,33.186,0.0
Japan,1987,122268888.0,3162653851648.0,902.53,250.394,82.707,536.237,33.191,0.0
Japan,1988,122798304.0,3358737825792.0,985.464,278.512,86.207,584.91,35.836,0.0
Japan,1989,123270648.0,3520997621760.0,1021.682,277.105,92.725,615.156,36.696,0.0
Japan,1990,123686320.0,3699821510656.0,1157.196,318.711,116.896,671.429,38.701,36.99
Japan,1991,124073992.0,3824677552128.0,1168.897,318.579,125.042,673.791,40.347,36.99
Japan,1992,124444696.0,3856515727360.0,1178.675,312.947,126.467,687.36,41.666,37.42
Japan,1993,124779576.0,3860865220608.0,1171.687,318.364,129.365,672.758,41.224,37.45
Japan,1994,125119264.0,3893220605952.0,1226.702,326.152,135.668,712.832,42.297,37.74
Japan,1995,125433968.0,3997430972416.0,1239.048,336.098,140.632,710.136,42.142,36.87
Japan,1996,125726224.0,4118875209728.0,1251.546,344.903,146.416,707.677,42.56,35.91
Japan,1997,126027984.0,4160709459968.0,1244.251,350.437,151.051,692.814,39.926,35.29
Japan,1998,126308392.0,4111245246464.0,1204.403,328.065,154.585,676.905,35.363,34.07
Japan,1999,126555064.0,4098283012096.0,1241.036,346.075,163.835,686.478,35.01,33.78
Japan,2000,126803864.0,4209652006912.0,1263.755,372.898,168.695,677.172,35.086,33.33
Japan,2001,127065736.0,4224163250176.0,1249.162,381.944,167.833,655.456,34.374,32.39
Japan,2002,127301744.0,4226576285696.0,1278.787,399.075,171.744,666.369,32.417,32.24
Japan,2003,127502352.0,4288493387776.0,1287.292,412.437,177.139,656.423,31.935,31.99
Japan,2004,127671288.0,4380398190592.0,1282.686,420.397,176.05,645.272,31.276,31.8
Japan,2005,127798376.0,4450600615936.0,1290.145,430.822,174.681,642.282,32.28,31.42
Japan,2006,127902168.0,4514225061888.0,1267.118,427.929,191.312,605.501,31.991,31.24
Japan,2007,128006424.0,4590814101504.0,1302.837,445.403,207.748,608.088,30.658,31.15
Japan,2008,128077632.0,4542408163328.0,1232.014,426.679,203.282,563.322,28.553,30.43
Japan,2009,128117040.0,4298103324672.0,1163.057,411.779,201.011,516.33,25.308,29.81
Japan,2010,128105432.0,4480295763968.0,1214.707,446.473,212.046,522.267,24.321,29.74
Japan,2011,128007256.0,4468738359296.0,1264.631,430.912,246.698,552.787,24.983,29.69
Japan,2012,127853688.0,4530172329984.0,1305.884,450.418,255.891,564.589,25.625,29.53
Japan,2013,127678920.0,4621006798848.0,1315.192,481.616,255.307,541.914,26.805,29.23
Japan,2014,127476728.0,4634693337088.0,1264.072,473.327,257.384,497.252,26.557,28.68
Japan,2015,127250936.0,4707025158144.0,1223.169,466.231,245.228,476.874,25.936,27.9
Japan,2016,126993856.0,4742508969984.0,1202.454,456.862,250.608,460.232,25.969,27.58
Japan,2017,126662464.0,4821960097792.0,1186.802,458.838,244.659,447.996,26.429,27.42
Japan,2018,126255872.0,4852985364480.0,1141.669,442.189,233.099,431.473,26.183,26.59
Japan,2019,125791680.0,4833468219392.0,1104.54,432.433,223.211,415.45,25.328,26.16
Japan,2020,125244760.0,4626661244928.0,1039.796,399.226,221.782,386.862,24.49,25.79
Japan,2021,124612528.0,4725883797504.0,1062.129,428.082,211.048,390.6,24.396,0.0
Japan,2022,123951696.0,4774494732288.0,1053.798,427.213,204.824,390.6,23.157,0.0
Russia,1941,94252439.0,0.0,261.09,198.085,0.0,61.222,1.783,0.0
Russia,1942,95122832.0,0.0,141.943,83.601,0.0,58.342,0.0,0.0
Russia,1943,96001262.0,0.0,148.14,96.224,0.0,51.916,0.0,0.0
Russia,1944,96887805.0,0.0,214.831,144.151,0.0,70.679,0.0,0.0
Russia,1945,97782535.0,0.0,227.442,186.271,3.76,36.859,0.552,0.0
Russia,1946,98685527.0,0.0,255.604,208.001,4.304,42.259,1.039,0.0
Russia,1947,99596857.0,0.0,307.788,249.723,5.268,51.329,1.468,0.0
Russia,1948,100516604.0,0.0,327.516,262.615,5.818,57.066,2.017,0.0
Russia,1949,101444845.0,0.0,372.303,297.288,6.015,66.559,2.441,0.0
Russia,1950,102580112.0,337495949312.0,414.992,329.789,7.931,74.068,3.203,0.0
Russia,1951,104151680.0,357746835456.0,449.758,357.494,8.584,79.903,3.776,0.0
Russia,1952,105790048.0,388546134016.0,481.621,378.46,8.739,90.129,4.292,0.0
Russia,1953,107493128.0,413093789696.0,509.528,395.881,9.38,99.413,4.854,0.0
Russia,1954,109221072.0,448712376320.0,556.482,430.182,10.244,110.287,5.769,0.0
Russia,1955,110971856.0,479242190848.0,630.997,483.36,12.266,128.547,6.824,0.0
Russia,1956,112783336.0,520877113344.0,691.827,518.678,16.519,149.092,7.538,0.0
Russia,1957,114590992.0,555636948992.0,757.075,554.352,25.724,168.245,8.754,0.0
Russia,1958,116373656.0,594634014720.0,808.09,571.946,38.191,187.873,10.081,0.0
Russia,1959,118076840.0,628321091584.0,849.598,584.319,48.553,204.998,11.728,0.0
Russia,1960,119735104.0,664792989696.0,884.555,585.507,61.662,223.633,13.752,0.0
Russia,1961,121408984.0,712659173376.0,912.222,575.275,79.862,241.734,15.351,0.0
Russia,1962,122914608.0,765404315648.0,957.43,571.258,99.13,269.756,17.286,0.0
Russia,1963,124227720.0,795991080960.0,1026.803,592.263,121.251,294.908,18.382,0.0
Russia,1964,125394240.0,847772254208.0,1092.032,609.626,147.216,315.645,19.544,0.0
Russia,1965,126400608.0,894393909248.0,1158.446,630.163,170.231,336.284,21.768,0.0
Russia,1966,127293952.0,957776855040.0,1223.377,651.381,188.622,359.342,24.033,0.0
Russia,1967,128111728.0,1018164346880.0,1279.226,656.13,206.298,391.357,25.441,0.0
Russia,1968,128822376.0,1081402654720.0,1315.176,648.863,223.351,416.718,26.244,0.0
Russia,1969,129489464.0,1109530247168.0,1369.67,657.824,238.859,446.082,26.905,0.0
Russia,1970,130093008.0,1202686787584.0,1440.532,702.968,221.807,487.247,28.511,0.0
Russia,1971,130719656.0,1253060902912.0,1528.699,716.631,250.654,518.502,29.732,0.0
Russia,1972,131456440.0,1289356574720.0,1608.385,738.523,263.61,563.051,30.598,0.0
Russia,1973,132191632.0,1390779301888.0,1676.312,746.08,278.57,604.878,31.799,0.0
Russia,1974,132970440.0,1440623099904.0,1740.144,747.557,295.165,647.883,33.098,0.0
Russia,1975,133841848.0,1499251212288.0,1829.144,769.747,321.908,684.511,34.726,0.0
Russia,1976,134764464.0,1545586606080.0,1899.591,789.894,353.719,700.583,35.141,0.0
Russia,1977,135712064.0,1593194971136.0,1964.204,802.329,379.155,725.136,35.725,0.0
Russia,1978,136659136.0,1623481384960.0,2031.66,797.58,397.61,777.501,35.483,0.0
Russia,1979,137510304.0,1639588429824.0,2048.51,798.142,422.859,780.605,34.176,0.0
Russia,1980,138257424.0,1696830062592.0,2129.11,841.158,441.421,799.234,34.527,0.0
Russia,1981,139002880.0,1717132197888.0,2088.571,761.578,472.7,806.818,34.801,0.0
Russia,1982,139848000.0,1727461064704.0,2127.947,771.64,500.083,810.071,33.545,0.0
Russia,1983,140854112.0,1761922514944.0,2158.129,765.612,536.502,809.171,34.445,0.0
Russia,1984,141892544.0,1769234759680.0,2177.293,760.299,580.217,789.906,34.661,0.0
Russia,1985,142896384.0,1795626500096.0,2348.141,866.198,637.01,797.416,34.497,0.0
Russia,1986,144046480.0,1840205266944.0,2348.727,893.967,604.054,803.959,35.353,0.0
Russia,1987,145312016.0,1838644461568.0,2358.15,900.773,702.306,708.978,35.642,0.0
Russia,1988,146464384.0,1868131598336.0,2436.094,915.872,749.942,711.428,35.871,0.0
Russia,1989,147341504.0,1881091604480.0,2404.974,882.014,749.171,715.585,35.794,0.0
Russia,1990,148005696.0,1834865131520.0,2536.248,754.207,788.193,888.24,34.609,648.6
Russia,1991,148455408.0,1782589423616.0,2406.756,705.395,754.959,844.452,32.837,621.29
Russia,1992,148725600.0,1557839216640.0,1966.505,521.601,774.35,585.385,26.717,583.93
Russia,1993,148897280.0,1453307985920.0,1866.729,507.516,781.669,509.992,21.995,560.84
Russia,1994,148829120.0,1297672699904.0,1647.665,454.67,732.937,406.8,16.475,537.56
Russia,1995,148557456.0,1274033471488.0,1619.727,479.041,699.582,386.793,16.646,515.86
Russia,1996,148233408.0,1256336523264.0,1586.822,477.466,699.775,361.332,12.723,510.75
Russia,1997,147939968.0,1303661510656.0,1482.245,411.997,669.233,352.956,12.273,479.53
Russia,1998,147672720.0,1263722561536.0,1465.253,400.631,673.399,345.571,11.923,481.78
Russia,1999,147336384.0,1375023529984.0,1494.179,407.464,686.577,350.395,13.173,479.74
Russia,2000,146844848.0,1547057496064.0,1479.142,427.01,681.631,317.516,15.113,487.81
Russia,2001,146235520.0,1662886739968.0,1515.647,445.476,693.223,323.3,15.863,492.01
Russia,2002,145590144.0,1781424717824.0,1506.788,424.116,702.703,314.772,17.116,503.34
Russia,2003,144946720.0,1955876044800.0,1537.018,425.963,735.376,308.711,18.666,536.56
Russia,2004,144353648.0,2143914688512.0,1543.957,416.376,743.405,309.318,20.915,540.77
Russia,2005,143800048.0,2331247116288.0,1562.577,417.916,746.183,320.02,22.256,552.23
Russia,2006,143338672.0,2576148332544.0,1623.002,437.859,766.955,335.529,24.545,550.47
Russia,2007,143117680.0,2858759225344.0,1623.781,423.047,779.354,326.463,27.645,556.44
Russia,2008,143086544.0,3078094323712.0,1652.064,451.93,779.724,343.698,23.625,558.55
Russia,2009,143163648.0,2903690444800.0,1545.034,419.075,732.688,323.009,19.746,541.4
Russia,2010,143242592.0,3105249296384.0,1632.783,419.276,794.593,333.87,22.723,559.95
Russia,2011,143364544.0,3306765942784.0,1685.91,430.352,817.72,346.176,25.129,569.13
Russia,2012,143629360.0,3439833120768.0,1701.268,445.326,807.072,353.791,26.332,563.78
Russia,2013,143956864.0,3500216680448.0,1640.437,408.194,782.85,357.04,27.281,563.78
Russia,2014,144285072.0,3525987794944.0,1639.959,397.222,775.338,385.79,26.453,566.14
Russia,2015,144668384.0,3456429719552.0,1638.675,417.405,739.506,408.673,23.171,570.04
Russia,2016,145109152.0,3463124090880.0,1634.885,405.877,753.005,403.595,20.432,586.62
Russia,2017,145452544.0,3526353747968.0,1666.121,389.27,780.664,417.49,20.512,597.32
Russia,2018,145652288.0,3625347448832.0,1712.494,401.062,828.859,395.445,20.091,621.42
Russia,2019,145742288.0,3705035816960.0,1705.031,395.101,807.388,402.824,20.306,623.8
Russia,2020,145617328.0,3606716612608.0,1632.929,367.669,784.291,384.939,20.581,618.82
Russia,2021,145102752.0,3809571241984.0,1711.993,382.146,854.064,376.578,22.158,0.0
Russia,2022,144713312.0,3731440795648.0,1652.177,355.407,811.361,385.883,22.48,0.0
United Kingdom,1941,48317261.0,575024005120.0,469.651,463.093,0.0,2.972,3.587,0.0
United Kingdom,1942,48515502.0,589318389760.0,468.9,463.36,0.004,1.891,3.645,0.0
United Kingdom,1943,48703433.0,602251395072.0,454.82,449.445,0.0,1.876,3.5,0.0
United Kingdom,1944,48892093.0,578535817216.0,442.025,437.551,0.004,2.18,2.29,0.0
United Kingdom,1945,49081483.0,553149923328.0,417.624,412.929,0.004,2.656,2.035,0.0
United Kingdom,1946,49271606.0,529131962368.0,436.128,427.12,0.0,5.705,3.304,0.0
United Kingdom,1947,49462466.0,521286516736.0,461.269,451.922,0.0,5.851,3.496,0.0
United Kingdom,1948,49654066.0,537800540160.0,475.563,457.751,0.0,13.535,4.278,0.0
United Kingdom,1949,49851583.0,557859471360.0,485.109,463.045,0.0,17.433,4.63,0.0
United Kingdom,1950,50055068.0,554454745088.0,500.792,453.925,0.0,41.968,4.899,0.0
United Kingdom,1951,50271908.0,570992689152.0,545.253,486.055,0.015,54.048,5.135,0.0
United Kingdom,1952,50484812.0,570010304512.0,528.706,469.747,0.018,53.347,5.593,0.0
United Kingdom,1953,50728620.0,592393404416.0,540.211,478.419,0.022,56.136,5.633,0.0
United Kingdom,1954,50969936.0,616540930048.0,553.01,483.959,0.033,63.01,6.007,0.0
United Kingdom,1955,51193272.0,638913806336.0,576.952,499.933,0.026,70.706,6.287,0.0
United Kingdom,1956,51421616.0,646914572288.0,574.324,494.885,0.037,72.991,6.411,0.0
United Kingdom,1957,51682404.0,657223974912.0,570.714,482.582,0.062,82.063,6.007,0.0
United Kingdom,1958,51960820.0,655877079040.0,556.316,458.868,0.117,91.472,5.858,0.0
United Kingdom,1959,52241648.0,682390126592.0,546.606,425.559,0.136,114.592,6.32,0.0
United Kingdom,1960,52543024.0,721686167552.0,584.02,448.052,0.15,129.145,6.673,0.0
United Kingdom,1961,52861256.0,745529212928.0,588.615,442.882,0.15,138.477,7.105,0.0
United Kingdom,1962,53183636.0,753069260800.0,592.932,437.313,0.216,148.359,7.043,0.0
United Kingdom,1963,53508520.0,782013366272.0,603.386,439.307,0.289,156.841,6.949,0.0
United Kingdom,1964,53861504.0,823416717312.0,607.866,426.243,0.513,172.726,8.384,0.0
United Kingdom,1965,54229568.0,844870778880.0,622.112,422.269,1.685,189.773,8.384,0.0
United Kingdom,1966,54560504.0,861009739776.0,618.075,403.344,1.649,204.792,8.29,0.0
United Kingdom,1967,54876360.0,880333291520.0,592.057,368.479,2.777,212.115,8.686,0.0
United Kingdom,1968,55169252.0,916165885952.0,606.488,370.301,6.265,220.842,8.835,0.0
United Kingdom,1969,55420524.0,932854038528.0,628.383,367.944,12.252,238.096,8.61,0.0
United Kingdom,1970,55650160.0,954756366336.0,652.577,352.909,23.105,265.175,8.432,0.0
United Kingdom,1971,55875904.0,975018065920.0,660.388,341.419,37.226,269.542,8.749,0.0
United Kingdom,1972,56057324.0,1009534173184.0,648.026,293.155,52.659,289.348,8.922,0.0
United Kingdom,1973,56166632.0,1077433270272.0,659.577,295.861,56.994,291.911,9.884,0.0
United Kingdom,1974,56233776.0,1062802292736.0,617.184,263.376,68.161,271.425,8.798,0.0
United Kingdom,1975,56266852.0,1061564055552.0,603.247,276.2,71.382,241.395,8.356,0.0
United Kingdom,1976,56263232.0,1085394059264.0,598.526,274.969,74.038,235.797,7.809,0.0
United Kingdom,1977,56244844.0,1108973453312.0,604.362,271.09,79.01,240.24,7.65,0.0
United Kingdom,1978,56240768.0,1148502802432.0,604.714,259.146,81.524,247.568,7.881,0.0
United Kingdom,1979,56265152.0,1180113305600.0,644.513,281.573,89.193,253.264,7.992,0.0
United Kingdom,1980,56326328.0,1160744140800.0,579.035,260.719,88.423,214.531,7.334,0.0
United Kingdom,1981,56395848.0,1145637961728.0,560.555,261.417,89.607,195.249,6.305,0.0
United Kingdom,1982,56450132.0,1163414863872.0,548.24,244.751,93.314,196.245,6.423,0.0
United Kingdom,1983,56501616.0,1204671086592.0,545.485,247.234,97.169,187.284,6.639,0.0
United Kingdom,1984,56568252.0,1234772426752.0,529.108,177.559,99.61,238.803,6.68,0.0
United Kingdom,1985,56643040.0,1278428446720.0,559.627,234.315,107.941,205.725,6.612,0.0
United Kingdom,1986,56721912.0,1334598565888.0,568.554,248.487,108.267,201.314,6.65,0.0
United Kingdom,1987,56826320.0,1398100983808.0,571.668,259.298,107.509,193.727,7.096,0.0
United Kingdom,1988,56952648.0,1467801403392.0,570.294,249.779,105.863,206.463,8.188,0.0
United Kingdom,1989,57076096.0,1499837497344.0,581.576,245.895,104.71,222.613,8.358,0.0
United Kingdom,1990,57210444.0,1505692221440.0,601.945,252.69,113.518,217.8,7.295,111.25
United Kingdom,1991,57359452.0,1488075358208.0,609.413,253.623,121.693,218.39,5.994,111.74
United Kingdom,1992,57509240.0,1491752058880.0,593.846,237.747,122.296,218.447,5.456,112.05
United Kingdom,1993,57647464.0,1527509024768.0,579.613,207.686,137.591,219.163,5.525,113.49
United Kingdom,1994,57785900.0,1585373249536.0,574.017,195.376,145.455,215.736,6.368,115.63
United Kingdom,1995,57930364.0,1623858085888.0,566.159,181.699,154.254,211.595,6.285,116.51
United Kingdom,1996,58078584.0,1663446679552.0,586.761,173.072,177.543,216.892,6.416,117.55
United Kingdom,1997,58250192.0,1713864572928.0,562.708,154.729,182.887,207.743,6.71,116.73
United Kingdom,1998,58438320.0,1766619873280.0,568.544,154.088,191.361,204.934,6.838,116.0
United Kingdom,1999,58635204.0,1823341936640.0,561.65,138.313,205.231,201.663,6.531,113.76
United Kingdom,2000,58850044.0,1889565278208.0,569.034,144.443,210.131,198.238,6.332,109.9
United Kingdom,2001,59092016.0,1939268304896.0,577.971,153.534,210.16,198.651,5.844,104.86
United Kingdom,2002,59355688.0,1983994265600.0,560.273,141.691,207.03,196.13,5.988,102.72
United Kingdom,2003,59649800.0,2050625372160.0,571.619,153.103,208.462,194.397,5.868,98.44
United Kingdom,2004,59995852.0,2099526631424.0,573.43,147.662,211.734,197.952,5.977,93.27
United Kingdom,2005,60383740.0,2161729470464.0,570.338,148.033,205.438,200.448,5.941,89.38
United Kingdom,2006,60803700.0,2212618829824.0,567.846,160.844,194.126,197.183,5.893,84.85
United Kingdom,2007,61260680.0,2267631583232.0,559.566,150.844,196.52,196.16,6.117,80.57
United Kingdom,2008,61742152.0,2252034801664.0,544.932,139.219,202.655,188.8,5.205,75.04
United Kingdom,2009,62243384.0,2151479246848.0,494.108,113.823,188.07,180.264,3.721,69.48
United Kingdom,2010,62760048.0,2190919860224.0,511.905,118.03,201.927,179.848,3.792,64.55
United Kingdom,2011,63286360.0,2223011266560.0,469.713,117.15,168.236,172.06,4.097,60.59
United Kingdom,2012,63808728.0,2255210414080.0,487.477,148.005,158.24,170.288,3.724,58.3
United Kingdom,2013,64302296.0,2296252465152.0,477.611,142.457,157.622,165.756,4.029,54.46
United Kingdom,2014,64773504.0,2369725399040.0,438.807,115.434,144.492,166.511,4.215,52.0
United Kingdom,2015,65224368.0,2426435796992.0,422.461,91.548,147.899,170.773,4.393,51.49
United Kingdom,2016,65655204.0,2478973124608.0,399.43,47.825,165.742,173.93,4.553,53.07
United Kingdom,2017,66064808.0,2539548573696.0,387.367,39.129,161.697,174.851,4.41,52.8
United Kingdom,2018,66432996.0,2582848208896.0,379.73,33.28,161.485,173.087,4.364,52.23
United Kingdom,2019,66778660.0,2624285048832.0,364.753,24.513,159.321,168.996,4.448,51.5
United Kingdom,2020,67059472.0,2334803886080.0,326.263,22.809,149.42,143.981,3.9,50.42
United Kingdom,2021,67281040.0,2512190177280.0,347.465,24.413,159.854,152.671,4.215,0.0
United Kingdom,2022,67508936.0,2615230595072.0,318.654,19.581,136.709,152.507,4.073,0.0
United States,1941,130865641.0,1815098556416.0,2043.585,1294.762,141.533,588.735,14.52,0.0
United States,1942,132508765.0,2013171023872.0,2198.265,1458.597,153.855,565.693,16.085,0.0
United States,1943,134350677.0,2203245608960.0,2272.059,1470.803,171.952,612.936,12.041,0.0
United States,1944,136218191.0,2361835388928.0,2444.904,1545.85,186.574,700.12,8.032,0.0
United States,1945,138111665.0,2314667819008.0,2359.552,1421.423,197.676,727.377,9.114,0.0
United States,1946,140031458.0,2103900897280.0,2257.494,1298.758,203.103,737.018,14.653,0.0
United States,1947,141977937.0,2070709141504.0,2485.854,1449.231,224.086,791.342,16.647,0.0
United States,1948,143951473.0,2168923357184.0,2582.559,1433.19,251.765,874.345,18.417,0.0
United States,1949,146051521.0,2126235566080.0,2164.862,1063.102,265.068,813.723,18.788,0.0
United States,1950,148281552.0,2320610099200.0,2541.485,1257.232,319.219,896.801,20.125,0.0
United States,1951,150598448.0,2497407877120.0,2618.711,1211.599,376.209,960.662,22.041,0.0
United States,1952,152941728.0,2590801395712.0,2551.219,1074.173,402.787,1000.967,22.256,0.0
United States,1953,155451200.0,2709832597504.0,2612.971,1065.955,423.342,1050.079,23.521,0.0
United States,1954,158205872.0,2691885432832.0,2489.462,913.446,444.0,1063.212,24.131,0.0
United States,1955,161136448.0,2882221637632.0,2728.512,1026.222,479.19,1147.903,26.584,0.0
United States,1956,164063408.0,2938405650432.0,2859.995,1068.358,505.889,1203.787,28.39,0.0
United States,1957,166949120.0,2993553408000.0,2835.772,1024.081,540.645,1193.662,27.006,0.0
United States,1958,170147104.0,2963550502912.0,2747.108,888.344,570.701,1220.046,27.758,0.0
United States,1959,173324608.0,3183156920320.0,2831.923,910.978,593.21,1258.457,30.234,0.0
United States,1960,176188576.0,3262376312832.0,2897.315,917.964,630.025,1281.631,28.798,0.0
United States,1961,179087280.0,3338584195072.0,2886.873,887.443,636.415,1297.316,28.699,0.0
United States,1962,181917808.0,3539745112064.0,2993.902,920.818,676.367,1334.748,29.878,0.0
United States,1963,184649872.0,3692868403200.0,3126.488,987.008,718.455,1359.256,31.435,0.0
United States,1964,187277376.0,3906859958272.0,3264.313,1049.177,759.072,1393.919,33.026,0.0
United States,1965,189703280.0,4156141338624.0,3399.547,1090.619,782.605,1464.691,33.295,0.0
United States,1966,191830976.0,4428300025856.0,3571.421,1132.718,842.207,1529.661,34.573,0.0
United States,1967,193782432.0,4538979319808.0,3705.461,1163.049,881.284,1589.194,33.594,0.0
United States,1968,195743424.0,4754925682688.0,3840.919,1139.603,936.361,1689.423,35.32,0.0
United States,1969,197859328.0,4903769997312.0,4035.145,1158.0,1018.083,1781.627,35.697,0.0
United States,1970,200328336.0,4912635707392.0,4339.686,1168.091,1059.211,2038.082,34.924,0.0
United States,1971,202907920.0,5065682190336.0,4365.465,1107.406,1096.927,2097.305,35.51,0.0
United States,1972,205238384.0,5334296952832.0,4573.015,1124.841,1115.673,2269.174,36.523,0.0
United States,1973,207314768.0,5637202771968.0,4785.103,1220.645,1174.859,2325.412,36.917,0.0
United States,1974,209277968.0,5621366128640.0,4621.1,1199.284,1134.215,2227.518,36.806,0.0
United States,1975,211274544.0,5605794775040.0,4478.275,1195.032,1042.504,2190.401,30.463,0.0
United States,1976,213270032.0,5899591090176.0,4747.817,1281.173,1062.805,2350.634,32.37,0.0
United States,1977,215437408.0,6166912434176.0,4889.666,1315.721,1041.058,2478.369,33.979,0.0
United States,1978,217881440.0,6518624223232.0,4941.423,1314.183,1045.228,2524.703,35.616,0.0
United States,1979,220463104.0,6740172603392.0,5008.642,1427.458,1080.485,2441.955,35.94,0.0
United States,1980,223140016.0,6743208230912.0,4808.556,1453.794,1058.054,2244.48,32.922,0.0
United States,1981,225654000.0,6911865389056.0,4686.42,1502.932,1032.089,2101.662,31.962,0.0
United States,1982,228001424.0,6782206345216.0,4447.298,1449.085,960.901,1994.492,28.441,0.0
United States,1983,230389968.0,7066236747776.0,4429.423,1504.796,901.094,1978.102,30.44,0.0
United States,1984,232766288.0,7581108011008.0,4662.174,1616.103,962.252,2034.553,32.915,0.0
United States,1985,235146176.0,7874872344576.0,4652.632,1655.025,926.516,2023.868,31.708,0.0
United States,1986,237512784.0,8146027806720.0,4663.43,1635.733,867.866,2112.125,32.854,0.0
United States,1987,239853168.0,8432566927360.0,4825.711,1709.484,922.972,2143.159,32.976,0.0
United States,1988,242287808.0,8787202670592.0,5050.543,1792.727,964.373,2241.183,33.248,0.0
United States,1989,244954096.0,9091291283456.0,5132.206,1813.144,1026.955,2239.805,33.264,0.0
United States,1990,248083728.0,9250377039872.0,5120.957,1814.521,1023.151,2178.912,33.484,673.88
United States,1991,251560192.0,9224687976448.0,5062.957,1797.739,1042.997,2119.828,32.736,675.93
United States,1992,255175328.0,9552658432000.0,5174.228,1819.076,1081.595,2171.389,32.993,679.03
United States,1993,258779760.0,9814940844032.0,5272.851,1880.75,1110.157,2179.57,34.838,671.94
United States,1994,262273584.0,10211205054464.0,5364.279,1894.587,1137.466,2226.839,36.31,684.61
United States,1995,265660560.0,10488856444928.0,5425.259,1913.488,1186.277,2218.052,37.075,682.64
United States,1996,268984352.0,10886951469056.0,5612.983,1993.662,1206.218,2305.573,37.309,681.39
United States,1997,272395424.0,11375561670656.0,5688.142,2039.02,1213.878,2326.319,38.561,671.83
United States,1998,275835008.0,11881793191936.0,5733.281,2063.092,1191.005,2370.752,39.461,660.22
United States,1999,279181568.0,12438444441600.0,5803.918,2063.44,1197.99,2433.326,40.239,648.0
United States,2000,282398560.0,12947416940544.0,6010.136,2163.759,1251.263,2487.797,41.445,644.08
United States,2001,285470496.0,13073809145856.0,5907.74,2099.619,1198.819,2502.393,41.613,636.64
United States,2002,288350240.0,13307342749696.0,5946.308,2103.791,1237.949,2495.597,43.164,630.0
United States,2003,291109824.0,13680911581184.0,6010.146,2143.993,1201.023,2557.467,43.349,630.12
United States,2004,293947872.0,14198910222336.0,6112.655,2164.773,1204.496,2630.825,45.886,628.78
United States,2005,296842656.0,14673826021376.0,6132.183,2188.244,1186.858,2642.692,46.194,629.14
United States,2006,299753088.0,15065164021760.0,6052.686,2152.459,1173.211,2609.708,46.851,630.36
United States,2007,302743392.0,15333184241664.0,6130.123,2175.189,1247.391,2592.216,45.509,636.64
United States,2008,305694912.0,15288553701376.0,5915.119,2135.724,1252.781,2414.708,41.416,645.0
United States,2009,308512032.0,14864003104768.0,5480.726,1872.449,1231.607,2280.345,29.615,635.32
United States,2010,311182848.0,15239587299328.0,5679.715,1982.954,1290.495,2300.574,31.449,653.3
United States,2011,313876608.0,15477885632512.0,5546.116,1873.284,1310.707,2252.414,32.208,659.04
United States,2012,316651328.0,15830887694336.0,5344.086,1658.491,1372.072,2196.025,35.27,671.09
United States,2013,319375168.0,16122472562688.0,5480.157,1720.408,1410.482,2224.627,36.369,674.34
United States,2014,322033952.0,16491318607872.0,5528.681,1710.594,1435.209,2247.931,39.439,699.9
United States,2015,324607776.0,16937634496512.0,5376.473,1479.145,1476.136,2285.676,39.907,702.68
United States,2016,327210208.0,17220065296384.0,5252.932,1347.943,1481.873,2299.961,39.439,683.93
United States,2017,329791232.0,17606123716608.0,5212.162,1308.716,1460.656,2315.177,40.324,701.26
United States,2018,332140032.0,18124692783104.0,5377.797,1256.631,1619.275,2366.168,38.971,744.96
United States,2019,334319680.0,18540551733248.0,5262.145,1071.666,1675.471,2360.999,40.896,785.07
United States,2020,335942016.0,18027359764480.0,4714.628,877.92,1656.255,2047.544,40.688,750.83
United States,2021,336997632.0,19099377729536.0,5032.213,1004.531,1659.225,2239.014,41.312,0.0
United States,2022,338289856.0,19493170446336.0,5057.304,934.698,1743.539,2249.519,41.418,0.0
