Yr,Mn,Dy,DecYear,CO2,CO2Adj
1958,3,21259,1958.2027,315.71,314.43
1958,4,21290,1958.2877,317.45,315.16
1958,5,21320,1958.3699,317.51,314.69
1958,6,21351,1958.4548,-99.99,-99.99
1958,7,21381,1958.537,315.87,315.2
1958,8,21412,1958.6219,314.93,316.22
1958,9,21443,1958.7068,313.21,316.12
1958,10,21473,1958.789,-99.99,-99.99
1958,11,21504,1958.874,313.33,315.21
1958,12,21534,1958.9562,314.67,315.43
1959,1,21565,1959.0411,315.58,315.52
1959,2,21596,1959.126,316.49,315.84
1959,3,21624,1959.2027,316.65,315.37
1959,4,21655,1959.2877,317.72,315.41
1959,5,21685,1959.3699,318.29,315.46
1959,6,21716,1959.4548,318.15,316.0
1959,7,21746,1959.537,316.54,315.87
1959,8,21777,1959.6219,314.8,316.09
1959,9,21808,1959.7068,313.84,316.75
1959,10,21838,1959.789,313.33,316.35
1959,11,21869,1959.874,314.81,316.69
1959,12,21899,1959.9562,315.58,316.35
1960,1,21930,1960.041,316.43,316.37
1960,2,21961,1960.1257,316.98,316.33
1960,3,21990,1960.2049,317.58,316.27
1960,4,22021,1960.2896,319.03,316.7
1960,5,22051,1960.3716,320.03,317.2
1960,6,22082,1960.4563,319.59,317.45
1960,7,22112,1960.5383,318.18,317.53
1960,8,22143,1960.623,315.9,317.23
1960,9,22174,1960.7077,314.17,317.1
1960,10,22204,1960.7896,313.83,316.85
1960,11,22235,1960.8743,315.0,316.89
1960,12,22265,1960.9563,316.19,316.96
1961,1,22296,1961.0411,316.89,316.84
1961,2,22327,1961.126,317.7,317.05
1961,3,22355,1961.2027,318.54,317.25
1961,4,22386,1961.2877,319.48,317.16
1961,5,22416,1961.3699,320.58,317.74
1961,6,22447,1961.4548,319.77,317.61
1961,7,22477,1961.537,318.56,317.89
1961,8,22508,1961.6219,316.79,318.1
1961,9,22539,1961.7068,314.99,317.92
1961,10,22569,1961.789,315.31,318.34
1961,11,22600,1961.874,316.1,318.0
1961,12,22630,1961.9562,317.01,317.78
1962,1,22661,1962.0411,317.94,317.88
1962,2,22692,1962.126,318.55,317.89
1962,3,22720,1962.2027,319.68,318.39
1962,4,22751,1962.2877,320.57,318.24
1962,5,22781,1962.3699,321.02,318.16
1962,6,22812,1962.4548,320.62,318.45
1962,7,22842,1962.537,319.62,318.94
1962,8,22873,1962.6219,317.4,318.71
1962,9,22904,1962.7068,316.24,319.19
1962,10,22934,1962.789,315.42,318.46
1962,11,22965,1962.874,316.69,318.59
1962,12,22995,1962.9562,317.7,318.47
1963,1,23026,1963.0411,318.74,318.68
1963,2,23057,1963.126,319.07,318.41
1963,3,23085,1963.2027,319.86,318.56
1963,4,23116,1963.2877,321.38,319.05
1963,5,23146,1963.3699,322.24,319.38
1963,6,23177,1963.4548,321.49,319.31
1963,7,23207,1963.537,319.74,319.06
1963,8,23238,1963.6219,317.77,319.08
1963,9,23269,1963.7068,316.21,319.16
1963,10,23299,1963.789,315.99,319.03
1963,11,23330,1963.874,317.07,318.98
1963,12,23360,1963.9562,318.35,319.13
1964,1,23391,1964.041,319.57,319.52
1964,2,23422,1964.1257,-99.99,-99.99
1964,3,23451,1964.2049,-99.99,-99.99
1964,4,23482,1964.2896,-99.99,-99.99
1964,5,23512,1964.3716,322.25,319.37
1964,6,23543,1964.4563,321.9,319.73
1964,7,23573,1964.5383,320.44,319.79
1964,8,23604,1964.623,318.69,320.04
1964,9,23635,1964.7077,316.71,319.68
1964,10,23665,1964.7896,316.87,319.93
1964,11,23696,1964.8743,317.68,319.59
1964,12,23726,1964.9563,318.71,319.49
1965,1,23757,1965.0411,319.44,319.38
1965,2,23788,1965.126,320.44,319.78
1965,3,23816,1965.2027,320.89,319.58
1965,4,23847,1965.2877,322.13,319.79
1965,5,23877,1965.3699,322.17,319.29
1965,6,23908,1965.4548,321.88,319.68
1965,7,23938,1965.537,321.21,320.52
1965,8,23969,1965.6219,318.87,320.19
1965,9,24000,1965.7068,317.82,320.79
1965,10,24030,1965.789,317.3,320.37
1965,11,24061,1965.874,318.87,320.79
1965,12,24091,1965.9562,319.42,320.2
1966,1,24122,1966.0411,320.62,320.57
1966,2,24153,1966.126,321.6,320.93
1966,3,24181,1966.2027,322.39,321.08
1966,4,24212,1966.2877,323.7,321.34
1966,5,24242,1966.3699,324.08,321.19
1966,6,24273,1966.4548,323.75,321.55
1966,7,24303,1966.537,322.37,321.69
1966,8,24334,1966.6219,320.36,321.69
1966,9,24365,1966.7068,318.64,321.62
1966,10,24395,1966.789,318.1,321.18
1966,11,24426,1966.874,319.78,321.71
1966,12,24456,1966.9562,321.02,321.81
1967,1,24487,1967.0411,322.33,322.27
1967,2,24518,1967.126,322.5,321.83
1967,3,24546,1967.2027,323.03,321.72
1967,4,24577,1967.2877,324.41,322.05
1967,5,24607,1967.3699,325.0,322.1
1967,6,24638,1967.4548,324.09,321.89
1967,7,24668,1967.537,322.54,321.86
1967,8,24699,1967.6219,320.92,322.25
1967,9,24730,1967.7068,319.25,322.24
1967,10,24760,1967.789,319.39,322.48
1967,11,24791,1967.874,320.73,322.66
1967,12,24821,1967.9562,321.96,322.74
1968,1,24852,1968.041,322.57,322.51
1968,2,24883,1968.1257,323.15,322.48
1968,3,24912,1968.2049,323.89,322.55
1968,4,24943,1968.2896,325.02,322.63
1968,5,24973,1968.3716,325.57,322.66
1968,6,25004,1968.4563,325.36,323.17
1968,7,25034,1968.5383,324.14,323.48
1968,8,25065,1968.623,322.11,323.46
1968,9,25096,1968.7077,320.33,323.34
1968,10,25126,1968.7896,320.25,323.34
1968,11,25157,1968.8743,321.32,323.26
1968,12,25187,1968.9563,322.89,323.68
1969,1,25218,1969.0411,324.0,323.95
1969,2,25249,1969.126,324.42,323.74
1969,3,25277,1969.2027,325.63,324.31
1969,4,25308,1969.2877,326.66,324.28
1969,5,25338,1969.3699,327.38,324.46
1969,6,25369,1969.4548,326.71,324.49
1969,7,25399,1969.537,325.88,325.19
1969,8,25430,1969.6219,323.66,325.0
1969,9,25461,1969.7068,322.38,325.38
1969,10,25491,1969.789,321.78,324.89
1969,11,25522,1969.874,322.85,324.8
1969,12,25552,1969.9562,324.11,324.91
1970,1,25583,1970.0411,325.06,325.0
1970,2,25614,1970.126,325.99,325.31
1970,3,25642,1970.2027,326.93,325.6
1970,4,25673,1970.2877,328.13,325.75
1970,5,25703,1970.3699,328.08,325.15
1970,6,25734,1970.4548,327.67,325.44
1970,7,25764,1970.537,326.34,325.65
1970,8,25795,1970.6219,324.68,326.02
1970,9,25826,1970.7068,323.1,326.12
1970,10,25856,1970.789,323.07,326.18
1970,11,25887,1970.874,324.01,325.96
1970,12,25917,1970.9562,325.13,325.93
1971,1,25948,1971.0411,326.17,326.11
1971,2,25979,1971.126,326.68,326.01
1971,3,26007,1971.2027,327.18,325.85
1971,4,26038,1971.2877,327.78,325.39
1971,5,26068,1971.3699,328.93,325.99
1971,6,26099,1971.4548,328.57,326.34
1971,7,26129,1971.537,327.36,326.66
1971,8,26160,1971.6219,325.43,326.77
1971,9,26191,1971.7068,323.36,326.39
1971,10,26221,1971.789,323.56,326.69
1971,11,26252,1971.874,324.8,326.75
1971,12,26282,1971.9562,326.01,326.81
1972,1,26313,1972.041,326.77,326.71
1972,2,26344,1972.1257,327.63,326.96
1972,3,26373,1972.2049,327.75,326.39
1972,4,26404,1972.2896,329.72,327.3
1972,5,26434,1972.3716,330.07,327.13
1972,6,26465,1972.4563,329.09,326.87
1972,7,26495,1972.5383,328.04,327.37
1972,8,26526,1972.623,326.32,327.7
1972,9,26557,1972.7077,324.84,327.88
1972,10,26587,1972.7896,325.2,328.33
1972,11,26618,1972.8743,326.5,328.46
1972,12,26648,1972.9563,327.55,328.35
1973,1,26679,1973.0411,328.55,328.49
1973,2,26710,1973.126,329.57,328.89
1973,3,26738,1973.2027,330.31,328.96
1973,4,26769,1973.2877,331.5,329.1
1973,5,26799,1973.3699,332.48,329.53
1973,6,26830,1973.4548,332.08,329.83
1973,7,26860,1973.537,330.87,330.17
1973,8,26891,1973.6219,329.31,330.66
1973,9,26922,1973.7068,327.52,330.56
1973,10,26952,1973.789,327.19,330.33
1973,11,26983,1973.874,328.17,330.13
1973,12,27013,1973.9562,328.65,329.45
1974,1,27044,1974.0411,329.36,329.3
1974,2,27075,1974.126,330.71,330.03
1974,3,27103,1974.2027,331.49,330.14
1974,4,27134,1974.2877,332.65,330.24
1974,5,27164,1974.3699,333.1,330.13
1974,6,27195,1974.4548,332.26,330.01
1974,7,27225,1974.537,331.18,330.48
1974,8,27256,1974.6219,329.4,330.75
1974,9,27287,1974.7068,327.44,330.49
1974,10,27317,1974.789,327.38,330.54
1974,11,27348,1974.874,328.46,330.44
1974,12,27378,1974.9562,329.58,330.38
1975,1,27409,1975.0411,330.41,330.35
1975,2,27440,1975.126,331.41,330.73
1975,3,27468,1975.2027,332.05,330.7
1975,4,27499,1975.2877,333.32,330.89
1975,5,27529,1975.3699,333.98,331.01
1975,6,27560,1975.4548,333.62,331.36
1975,7,27590,1975.537,331.91,331.21
1975,8,27621,1975.6219,330.06,331.43
1975,9,27652,1975.7068,328.56,331.63
1975,10,27682,1975.789,328.35,331.51
1975,11,27713,1975.874,329.5,331.48
1975,12,27743,1975.9562,330.77,331.58
1976,1,27774,1976.041,331.76,331.7
1976,2,27805,1976.1257,332.58,331.89
1976,3,27834,1976.2049,333.5,332.13
1976,4,27865,1976.2896,334.59,332.14
1976,5,27895,1976.3716,334.89,331.91
1976,6,27926,1976.4563,334.34,332.1
1976,7,27956,1976.5383,333.06,332.38
1976,8,27987,1976.623,330.95,332.34
1976,9,28018,1976.7077,329.31,332.39
1976,10,28048,1976.7896,328.95,332.12
1976,11,28079,1976.8743,330.32,332.3
1976,12,28109,1976.9563,331.69,332.5
1977,1,28140,1977.0411,332.94,332.88
1977,2,28171,1977.126,333.43,332.74
1977,3,28199,1977.2027,334.71,333.36
1977,4,28230,1977.2877,336.08,333.64
1977,5,28260,1977.3699,336.76,333.77
1977,6,28291,1977.4548,336.28,334.0
1977,7,28321,1977.537,334.93,334.22
1977,8,28352,1977.6219,332.76,334.13
1977,9,28383,1977.7068,331.6,334.68
1977,10,28413,1977.789,331.17,334.35
1977,11,28444,1977.874,332.41,334.41
1977,12,28474,1977.9562,333.86,334.67
1978,1,28505,1978.0411,334.98,334.92
1978,2,28536,1978.126,335.4,334.71
1978,3,28564,1978.2027,336.65,335.29
1978,4,28595,1978.2877,337.76,335.32
1978,5,28625,1978.3699,338.02,335.02
1978,6,28656,1978.4548,337.91,335.63
1978,7,28686,1978.537,336.55,335.84
1978,8,28717,1978.6219,334.69,336.07
1978,9,28748,1978.7068,332.77,335.86
1978,10,28778,1978.789,332.56,335.75
1978,11,28809,1978.874,333.93,335.93
1978,12,28839,1978.9562,334.96,335.77
1979,1,28870,1979.0411,336.24,336.18
1979,2,28901,1979.126,336.77,336.08
1979,3,28929,1979.2027,337.97,336.61
1979,4,28960,1979.2877,338.89,336.44
1979,5,28990,1979.3699,339.48,336.48
1979,6,29021,1979.4548,339.3,337.01
1979,7,29051,1979.537,337.74,337.03
1979,8,29082,1979.6219,336.1,337.48
1979,9,29113,1979.7068,333.93,337.03
1979,10,29143,1979.789,333.87,337.07
1979,11,29174,1979.874,335.3,337.31
1979,12,29204,1979.9562,336.74,337.56
1980,1,29235,1980.041,338.03,337.97
1980,2,29266,1980.1257,338.37,337.68
1980,3,29295,1980.2049,340.09,338.69
1980,4,29326,1980.2896,340.78,338.3
1980,5,29356,1980.3716,341.48,338.47
1980,6,29387,1980.4563,341.19,338.91
1980,7,29417,1980.5383,339.57,338.89
1980,8,29448,1980.623,337.61,339.02
1980,9,29479,1980.7077,335.9,339.02
1980,10,29509,1980.7896,336.03,339.23
1980,11,29540,1980.8743,337.12,339.12
1980,12,29570,1980.9563,338.23,339.05
1981,1,29601,1981.0411,339.25,339.19
1981,2,29632,1981.126,340.5,339.8
1981,3,29660,1981.2027,341.4,340.03
1981,4,29691,1981.2877,342.52,340.06
1981,5,29721,1981.3699,342.93,339.91
1981,6,29752,1981.4548,342.27,339.97
1981,7,29782,1981.537,340.5,339.79
1981,8,29813,1981.6219,338.45,339.84
1981,9,29844,1981.7068,336.71,339.83
1981,10,29874,1981.789,336.88,340.1
1981,11,29905,1981.874,338.38,340.4
1981,12,29935,1981.9562,339.63,340.45
1982,1,29966,1982.0411,340.77,340.71
1982,2,29997,1982.126,341.63,340.94
1982,3,30025,1982.2027,342.72,341.34
1982,4,30056,1982.2877,343.59,341.12
1982,5,30086,1982.3699,344.16,341.12
1982,6,30117,1982.4548,343.37,341.06
1982,7,30147,1982.537,342.07,341.36
1982,8,30178,1982.6219,339.83,341.22
1982,9,30209,1982.7068,338.0,341.13
1982,10,30239,1982.789,337.88,341.11
1982,11,30270,1982.874,339.28,341.31
1982,12,30300,1982.9562,340.51,341.33
1983,1,30331,1983.0411,341.4,341.33
1983,2,30362,1983.126,342.54,341.84
1983,3,30390,1983.2027,343.12,341.74
1983,4,30421,1983.2877,344.96,342.48
1983,5,30451,1983.3699,345.77,342.73
1983,6,30482,1983.4548,345.34,343.02
1983,7,30512,1983.537,344.0,343.28
1983,8,30543,1983.6219,342.4,343.79
1983,9,30574,1983.7068,339.89,343.02
1983,10,30604,1983.789,340.0,343.24
1983,11,30635,1983.874,341.16,343.19
1983,12,30665,1983.9562,342.99,343.81
1984,1,30696,1984.041,343.82,343.76
1984,2,30727,1984.1257,344.62,343.92
1984,3,30756,1984.2049,345.38,343.98
1984,4,30787,1984.2896,347.15,344.64
1984,5,30817,1984.3716,347.52,344.47
1984,6,30848,1984.4563,346.88,344.58
1984,7,30878,1984.5383,345.47,344.78
1984,8,30909,1984.623,343.34,344.77
1984,9,30940,1984.7077,341.13,344.29
1984,10,30970,1984.7896,341.4,344.64
1984,11,31001,1984.8743,343.02,345.05
1984,12,31031,1984.9563,344.25,345.08
1985,1,31062,1985.0411,344.99,344.93
1985,2,31093,1985.126,346.01,345.31
1985,3,31121,1985.2027,347.43,346.04
1985,4,31152,1985.2877,348.34,345.85
1985,5,31182,1985.3699,348.92,345.86
1985,6,31213,1985.4548,348.24,345.91
1985,7,31243,1985.537,346.54,345.81
1985,8,31274,1985.6219,344.64,346.04
1985,9,31305,1985.7068,343.06,346.21
1985,10,31335,1985.789,342.77,346.03
1985,11,31366,1985.874,344.21,346.25
1985,12,31396,1985.9562,345.53,346.36
1986,1,31427,1986.0411,346.28,346.21
1986,2,31458,1986.126,346.93,346.23
1986,3,31486,1986.2027,347.83,346.44
1986,4,31517,1986.2877,349.53,347.03
1986,5,31547,1986.3699,350.19,347.12
1986,6,31578,1986.4548,349.54,347.2
1986,7,31608,1986.537,347.92,347.19
1986,8,31639,1986.6219,345.88,347.29
1986,9,31670,1986.7068,344.83,347.99
1986,10,31700,1986.789,344.16,347.42
1986,11,31731,1986.874,345.64,347.69
1986,12,31761,1986.9562,346.88,347.71
1987,1,31792,1987.0411,348.0,347.94
1987,2,31823,1987.126,348.47,347.76
1987,3,31851,1987.2027,349.41,348.01
1987,4,31882,1987.2877,350.97,348.46
1987,5,31912,1987.3699,351.84,348.76
1987,6,31943,1987.4548,351.25,348.91
1987,7,31973,1987.537,349.5,348.77
1987,8,32004,1987.6219,348.08,349.5
1987,9,32035,1987.7068,346.44,349.61
1987,10,32065,1987.789,346.09,349.37
1987,11,32096,1987.874,347.54,349.59
1987,12,32126,1987.9562,348.69,349.53
1988,1,32157,1988.041,350.16,350.1
1988,2,32188,1988.1257,351.47,350.76
1988,3,32217,1988.2049,351.96,350.53
1988,4,32248,1988.2896,353.33,350.79
1988,5,32278,1988.3716,353.97,350.88
1988,6,32309,1988.4563,353.55,351.22
1988,7,32339,1988.5383,352.14,351.44
1988,8,32370,1988.623,350.19,351.63
1988,9,32401,1988.7077,348.5,351.69
1988,10,32431,1988.7896,348.66,351.94
1988,11,32462,1988.8743,349.85,351.9
1988,12,32492,1988.9563,351.12,351.96
1989,1,32523,1989.0411,352.55,352.49
1989,2,32554,1989.126,352.86,352.15
1989,3,32582,1989.2027,353.48,352.07
1989,4,32613,1989.2877,355.21,352.69
1989,5,32643,1989.3699,355.47,352.37
1989,6,32674,1989.4548,354.92,352.57
1989,7,32704,1989.537,353.7,352.96
1989,8,32735,1989.6219,351.47,352.89
1989,9,32766,1989.7068,349.61,352.8
1989,10,32796,1989.789,349.79,353.08
1989,11,32827,1989.874,351.1,353.16
1989,12,32857,1989.9562,352.32,353.17
1990,1,32888,1990.0411,353.46,353.4
1990,2,32919,1990.126,354.5,353.79
1990,3,32947,1990.2027,355.19,353.78
1990,4,32978,1990.2877,356.0,353.47
1990,5,33008,1990.3699,356.96,353.86
1990,6,33039,1990.4548,356.04,353.68
1990,7,33069,1990.537,354.62,353.89
1990,8,33100,1990.6219,352.71,354.14
1990,9,33131,1990.7068,350.77,353.97
1990,10,33161,1990.789,350.99,354.29
1990,11,33192,1990.874,352.64,354.71
1990,12,33222,1990.9562,354.02,354.86
1991,1,33253,1991.0411,354.53,354.46
1991,2,33284,1991.126,355.55,354.84
1991,3,33312,1991.2027,356.96,355.55
1991,4,33343,1991.2877,358.4,355.86
1991,5,33373,1991.3699,359.14,356.02
1991,6,33404,1991.4548,358.04,355.68
1991,7,33434,1991.537,355.98,355.24
1991,8,33465,1991.6219,353.81,355.24
1991,9,33496,1991.7068,351.95,355.16
1991,10,33526,1991.789,352.02,355.33
1991,11,33557,1991.874,353.55,355.62
1991,12,33587,1991.9562,354.79,355.64
1992,1,33618,1992.041,355.79,355.73
1992,2,33649,1992.1257,356.52,355.81
1992,3,33678,1992.2049,357.61,356.17
1992,4,33709,1992.2896,358.95,356.38
1992,5,33739,1992.3716,359.46,356.34
1992,6,33770,1992.4563,359.06,356.7
1992,7,33800,1992.5383,356.82,356.11
1992,8,33831,1992.623,354.8,356.26
1992,9,33862,1992.7077,352.81,356.03
1992,10,33892,1992.7896,353.11,356.43
1992,11,33923,1992.8743,353.96,356.04
1992,12,33953,1992.9563,355.2,356.05
1993,1,33984,1993.0411,356.5,356.44
1993,2,34015,1993.126,356.97,356.25
1993,3,34043,1993.2027,358.18,356.76
1993,4,34074,1993.2877,359.26,356.71
1993,5,34104,1993.3699,360.08,356.95
1993,6,34135,1993.4548,359.4,357.02
1993,7,34165,1993.537,357.38,356.63
1993,8,34196,1993.6219,355.33,356.76
1993,9,34227,1993.7068,353.5,356.73
1993,10,34257,1993.789,353.8,357.13
1993,11,34288,1993.874,355.15,357.23
1993,12,34318,1993.9562,356.62,357.47
1994,1,34349,1994.0411,358.19,358.13
1994,2,34380,1994.126,358.73,358.01
1994,3,34408,1994.2027,359.79,358.36
1994,4,34439,1994.2877,361.09,358.53
1994,5,34469,1994.3699,361.51,358.37
1994,6,34500,1994.4548,360.78,358.39
1994,7,34530,1994.537,359.38,358.63
1994,8,34561,1994.6219,357.31,358.75
1994,9,34592,1994.7068,355.68,358.92
1994,10,34622,1994.789,355.83,359.17
1994,11,34653,1994.874,357.42,359.51
1994,12,34683,1994.9562,358.87,359.73
1995,1,34714,1995.0411,359.81,359.75
1995,2,34745,1995.126,360.84,360.12
1995,3,34773,1995.2027,361.48,360.05
1995,4,34804,1995.2877,363.3,360.73
1995,5,34834,1995.3699,363.64,360.5
1995,6,34865,1995.4548,363.11,360.72
1995,7,34895,1995.537,361.74,361.0
1995,8,34926,1995.6219,359.31,360.75
1995,9,34957,1995.7068,357.91,361.16
1995,10,34987,1995.789,357.62,360.97
1995,11,35018,1995.874,359.42,361.52
1995,12,35048,1995.9562,360.56,361.41
1996,1,35079,1996.041,361.91,361.85
1996,2,35110,1996.1257,363.11,362.38
1996,3,35139,1996.2049,363.89,362.43
1996,4,35170,1996.2896,364.58,361.98
1996,5,35200,1996.3716,365.29,362.13
1996,6,35231,1996.4563,364.84,362.46
1996,7,35261,1996.5383,363.52,362.8
1996,8,35292,1996.623,361.35,362.82
1996,9,35323,1996.7077,359.32,362.58
1996,10,35353,1996.7896,359.48,362.83
1996,11,35384,1996.8743,360.64,362.74
1996,12,35414,1996.9563,362.21,363.06
1997,1,35445,1997.0411,363.06,363.0
1997,2,35476,1997.126,363.87,363.14
1997,3,35504,1997.2027,364.44,363.01
1997,4,35535,1997.2877,366.23,363.65
1997,5,35565,1997.3699,366.68,363.51
1997,6,35596,1997.4548,365.52,363.11
1997,7,35626,1997.537,364.36,363.61
1997,8,35657,1997.6219,362.39,363.84
1997,9,35688,1997.7068,360.08,363.34
1997,10,35718,1997.789,360.67,364.04
1997,11,35749,1997.874,362.32,364.43
1997,12,35779,1997.9562,364.17,365.02
1998,1,35810,1998.0411,365.22,365.16
1998,2,35841,1998.126,366.04,365.31
1998,3,35869,1998.2027,367.2,365.76
1998,4,35900,1998.2877,368.5,365.91
1998,5,35930,1998.3699,369.19,366.01
1998,6,35961,1998.4548,368.77,366.35
1998,7,35991,1998.537,367.53,366.78
1998,8,36022,1998.6219,365.67,367.13
1998,9,36053,1998.7068,363.8,367.08
1998,10,36083,1998.789,364.13,367.51
1998,11,36114,1998.874,365.36,367.48
1998,12,36144,1998.9562,366.87,367.73
1999,1,36175,1999.0411,368.05,367.99
1999,2,36206,1999.126,368.77,368.04
1999,3,36234,1999.2027,369.49,368.04
1999,4,36265,1999.2877,371.04,368.44
1999,5,36295,1999.3699,370.9,367.72
1999,6,36326,1999.4548,370.25,367.83
1999,7,36356,1999.537,369.17,368.41
1999,8,36387,1999.6219,366.83,368.29
1999,9,36418,1999.7068,364.54,367.82
1999,10,36448,1999.789,365.04,368.43
1999,11,36479,1999.874,366.58,368.7
1999,12,36509,1999.9562,367.92,368.78
2000,1,36540,2000.041,369.05,368.99
2000,2,36571,2000.1257,369.37,368.64
2000,3,36600,2000.2049,370.42,368.95
2000,4,36631,2000.2896,371.57,368.94
2000,5,36661,2000.3716,371.74,368.54
2000,6,36692,2000.4563,371.6,369.2
2000,7,36722,2000.5383,370.02,369.3
2000,8,36753,2000.623,368.03,369.52
2000,9,36784,2000.7077,366.53,369.83
2000,10,36814,2000.7896,366.64,370.03
2000,11,36845,2000.8743,368.2,370.33
2000,12,36875,2000.9563,369.44,370.3
2001,1,36906,2001.0411,370.2,370.13
2001,2,36937,2001.126,371.42,370.68
2001,3,36965,2001.2027,372.04,370.58
2001,4,36996,2001.2877,372.78,370.17
2001,5,37026,2001.3699,373.94,370.74
2001,6,37057,2001.4548,373.23,370.79
2001,7,37087,2001.537,371.54,370.78
2001,8,37118,2001.6219,369.47,370.94
2001,9,37149,2001.7068,367.88,371.18
2001,10,37179,2001.789,368.01,371.42
2001,11,37210,2001.874,369.6,371.74
2001,12,37240,2001.9562,371.16,372.02
2002,1,37271,2002.0411,372.36,372.29
2002,2,37302,2002.126,373.0,372.26
2002,3,37330,2002.2027,373.44,371.98
2002,4,37361,2002.2877,374.77,372.16
2002,5,37391,2002.3699,375.48,372.27
2002,6,37422,2002.4548,375.34,372.89
2002,7,37452,2002.537,373.95,373.19
2002,8,37483,2002.6219,371.41,372.88
2002,9,37514,2002.7068,370.63,373.94
2002,10,37544,2002.789,370.18,373.6
2002,11,37575,2002.874,372.01,374.15
2002,12,37605,2002.9562,373.71,374.58
2003,1,37636,2003.0411,374.61,374.55
2003,2,37667,2003.126,375.55,374.81
2003,3,37695,2003.2027,376.04,374.58
2003,4,37726,2003.2877,377.58,374.95
2003,5,37756,2003.3699,378.28,375.06
2003,6,37787,2003.4548,378.07,375.62
2003,7,37817,2003.537,376.54,375.78
2003,8,37848,2003.6219,374.42,375.9
2003,9,37879,2003.7068,372.92,376.24
2003,10,37909,2003.789,372.94,376.37
2003,11,37940,2003.874,374.29,376.43
2003,12,37970,2003.9562,375.63,376.5
2004,1,38001,2004.041,376.73,376.66
2004,2,38032,2004.1257,377.31,376.57
2004,3,38061,2004.2049,378.34,376.85
2004,4,38092,2004.2896,380.44,377.78
2004,5,38122,2004.3716,380.56,377.33
2004,6,38153,2004.4563,379.49,377.06
2004,7,38183,2004.5383,377.7,376.97
2004,8,38214,2004.623,375.77,377.28
2004,9,38245,2004.7077,373.99,377.33
2004,10,38275,2004.7896,374.17,377.6
2004,11,38306,2004.8743,375.79,377.94
2004,12,38336,2004.9563,377.39,378.27
2005,1,38367,2005.0411,378.29,378.22
2005,2,38398,2005.126,379.56,378.81
2005,3,38426,2005.2027,380.07,378.6
2005,4,38457,2005.2877,382.01,379.38
2005,5,38487,2005.3699,382.21,378.97
2005,6,38518,2005.4548,382.05,379.59
2005,7,38548,2005.537,380.63,379.87
2005,8,38579,2005.6219,378.63,380.12
2005,9,38610,2005.7068,376.39,379.72
2005,10,38640,2005.789,376.77,380.21
2005,11,38671,2005.874,378.27,380.43
2005,12,38701,2005.9562,379.93,380.8
2006,1,38732,2006.0411,381.33,381.27
2006,2,38763,2006.126,381.98,381.24
2006,3,38791,2006.2027,382.53,381.06
2006,4,38822,2006.2877,384.33,381.68
2006,5,38852,2006.3699,384.89,381.64
2006,6,38883,2006.4548,384.0,381.52
2006,7,38913,2006.537,382.25,381.48
2006,8,38944,2006.6219,380.44,381.93
2006,9,38975,2006.7068,378.77,382.12
2006,10,39005,2006.789,379.03,382.48
2006,11,39036,2006.874,380.11,382.27
2006,12,39066,2006.9562,381.63,382.51
2007,1,39097,2007.0411,382.55,382.49
2007,2,39128,2007.126,383.68,382.94
2007,3,39156,2007.2027,384.31,382.83
2007,4,39187,2007.2877,386.2,383.54
2007,5,39217,2007.3699,386.38,383.13
2007,6,39248,2007.4548,385.85,383.37
2007,7,39278,2007.537,384.42,383.64
2007,8,39309,2007.6219,381.81,383.31
2007,9,39340,2007.7068,380.83,384.19
2007,10,39370,2007.789,380.83,384.3
2007,11,39401,2007.874,382.32,384.49
2007,12,39431,2007.9562,383.58,384.46
2008,1,39462,2008.041,385.04,384.98
2008,2,39493,2008.1257,385.81,385.06
2008,3,39522,2008.2049,385.8,384.3
2008,4,39553,2008.2896,386.74,384.05
2008,5,39583,2008.3716,388.48,385.22
2008,6,39614,2008.4563,388.02,385.56
2008,7,39644,2008.5383,386.22,385.48
2008,8,39675,2008.623,384.05,385.58
2008,9,39706,2008.7077,383.05,386.43
2008,10,39736,2008.7896,382.75,386.22
2008,11,39767,2008.8743,383.98,386.15
2008,12,39797,2008.9563,385.08,385.97
2009,1,39828,2009.0411,386.63,386.56
2009,2,39859,2009.126,387.1,386.35
2009,3,39887,2009.2027,388.5,387.02
2009,4,39918,2009.2877,389.54,386.88
2009,5,39948,2009.3699,390.15,386.87
2009,6,39979,2009.4548,389.6,387.11
2009,7,40009,2009.537,388.05,387.27
2009,8,40040,2009.6219,386.06,387.57
2009,9,40071,2009.7068,384.64,388.01
2009,10,40101,2009.789,384.32,387.81
2009,11,40132,2009.874,386.05,388.23
2009,12,40162,2009.9562,387.48,388.37
2010,1,40193,2010.0411,388.55,388.49
2010,2,40224,2010.126,390.08,389.32
2010,3,40252,2010.2027,391.02,389.54
2010,4,40283,2010.2877,392.39,389.71
2010,5,40313,2010.3699,393.24,389.95
2010,6,40344,2010.4548,392.26,389.76
2010,7,40374,2010.537,390.35,389.57
2010,8,40405,2010.6219,388.53,390.03
2010,9,40436,2010.7068,386.85,390.23
2010,10,40466,2010.789,387.18,390.68
2010,11,40497,2010.874,388.69,390.88
2010,12,40527,2010.9562,389.83,390.73
2011,1,40558,2011.0411,391.33,391.26
2011,2,40589,2011.126,391.96,391.2
2011,3,40617,2011.2027,392.49,391.0
2011,4,40648,2011.2877,393.4,390.72
2011,5,40678,2011.3699,394.33,391.04
2011,6,40709,2011.4548,393.75,391.24
2011,7,40739,2011.537,392.64,391.86
2011,8,40770,2011.6219,390.25,391.75
2011,9,40801,2011.7068,389.05,392.44
2011,10,40831,2011.789,388.98,392.48
2011,11,40862,2011.874,390.3,392.49
2011,12,40892,2011.9562,391.86,392.75
2012,1,40923,2012.041,393.13,393.07
2012,2,40954,2012.1257,393.42,392.66
2012,3,40983,2012.2049,394.43,392.91
2012,4,41014,2012.2896,396.51,393.79
2012,5,41044,2012.3716,396.96,393.66
2012,6,41075,2012.4563,395.97,393.49
2012,7,41105,2012.5383,394.6,393.85
2012,8,41136,2012.623,392.61,394.15
2012,9,41167,2012.7077,391.2,394.62
2012,10,41197,2012.7896,391.09,394.6
2012,11,41228,2012.8743,393.03,395.22
2012,12,41258,2012.9563,394.42,395.31
2013,1,41289,2013.0411,395.69,395.63
2013,2,41320,2013.126,396.94,396.18
2013,3,41348,2013.2027,397.36,395.85
2013,4,41379,2013.2877,398.44,395.75
2013,5,41409,2013.3699,400.06,396.75
2013,6,41440,2013.4548,398.96,396.44
2013,7,41470,2013.537,397.45,396.67
2013,8,41501,2013.6219,395.48,397.0
2013,9,41532,2013.7068,393.47,396.88
2013,10,41562,2013.789,393.77,397.3
2013,11,41593,2013.874,395.27,397.48
2013,12,41623,2013.9562,396.9,397.8
2014,1,41654,2014.0411,398.01,397.94
2014,2,41685,2014.126,398.18,397.42
2014,3,41713,2014.2027,399.56,398.06
2014,4,41744,2014.2877,401.43,398.73
2014,5,41774,2014.3699,401.98,398.66
2014,6,41805,2014.4548,401.41,398.89
2014,7,41835,2014.537,399.17,398.38
2014,8,41866,2014.6219,397.3,398.82
2014,9,41897,2014.7068,395.49,398.9
2014,10,41927,2014.789,395.74,399.27
2014,11,41958,2014.874,397.32,399.53
2014,12,41988,2014.9562,398.89,399.79
2015,1,42019,2015.0411,399.94,399.88
2015,2,42050,2015.126,400.4,399.63
2015,3,42078,2015.2027,401.6,400.09
2015,4,42109,2015.2877,403.52,400.81
2015,5,42139,2015.3699,404.03,400.71
2015,6,42170,2015.4548,402.81,400.28
2015,7,42200,2015.537,401.54,400.75
2015,8,42231,2015.6219,398.93,400.45
2015,9,42262,2015.7068,397.43,400.86
2015,10,42292,2015.789,398.22,401.76
2015,11,42323,2015.874,400.17,402.39
2015,12,42353,2015.9562,401.82,402.72
2016,1,42384,2016.041,402.57,402.5
2016,2,42415,2016.1257,404.1,403.33
2016,3,42444,2016.2049,404.79,403.25
2016,4,42475,2016.2896,407.48,404.74
2016,5,42505,2016.3716,407.6,404.26
2016,6,42536,2016.4563,406.94,404.43
2016,7,42566,2016.5383,404.43,403.67
2016,8,42597,2016.623,402.16,403.72
2016,9,42628,2016.7077,400.94,404.39
2016,10,42658,2016.7896,401.43,404.97
2016,11,42689,2016.8743,403.57,405.79
2016,12,42719,2016.9563,404.49,405.39
2017,1,42750,2017.0411,406.0,405.93
2017,2,42781,2017.126,406.57,405.8
2017,3,42809,2017.2027,406.99,405.47
2017,4,42840,2017.2877,408.88,406.16
2017,5,42870,2017.3699,409.84,406.49
2017,6,42901,2017.4548,409.04,406.5
2017,7,42931,2017.537,407.14,406.35
2017,8,42962,2017.6219,405.19,406.73
2017,9,42993,2017.7068,403.2,406.65
2017,10,43023,2017.789,403.56,407.12
2017,11,43054,2017.874,405.1,407.33
2017,12,43084,2017.9562,406.68,407.59
2018,1,43115,2018.0411,407.98,407.91
2018,2,43146,2018.126,408.35,407.58
2018,3,43174,2018.2027,409.21,407.69
2018,4,43205,2018.2877,410.23,407.5
2018,5,43235,2018.3699,411.23,407.88
2018,6,43266,2018.4548,410.81,408.26
2018,7,43296,2018.537,408.83,408.04
2018,8,43327,2018.6219,407.02,408.56
2018,9,43358,2018.7068,405.53,408.99
2018,10,43388,2018.789,405.93,409.5
2018,11,43419,2018.874,408.05,410.29
2018,12,43449,2018.9562,409.16,410.07
2019,1,43480,2019.0411,410.85,410.78
2019,2,43511,2019.126,411.58,410.81
2019,3,43539,2019.2027,411.9,410.38
2019,4,43570,2019.2877,413.46,410.73
2019,5,43600,2019.3699,414.75,411.39
2019,6,43631,2019.4548,413.89,411.34
2019,7,43661,2019.537,411.79,411.0
2019,8,43692,2019.6219,410.02,411.56
2019,9,43723,2019.7068,408.48,411.94
2019,10,43753,2019.789,408.4,411.97
2019,11,43784,2019.874,410.16,412.4
2019,12,43814,2019.9562,411.81,412.72
2020,1,43845,2020.041,413.32,413.25
2020,2,43876,2020.1257,414.04,413.27
2020,3,43905,2020.2049,414.44,412.89
2020,4,43936,2020.2896,416.11,413.33
2020,5,43966,2020.3716,417.16,413.79
2020,6,43997,2020.4563,416.29,413.75
2020,7,44027,2020.5383,414.43,413.66
2020,8,44058,2020.623,412.52,414.1
2020,9,44089,2020.7077,411.17,414.65
2020,10,44119,2020.7896,411.12,414.7
2020,11,44150,2020.8743,412.89,415.13
2020,12,44180,2020.9563,413.88,414.8
2021,1,44211,2021.0411,415.15,415.08
2021,2,44242,2021.126,416.47,415.69
2021,3,44270,2021.2027,417.1,415.56
2021,4,44301,2021.2877,418.26,415.51
2021,5,44331,2021.3699,418.95,415.57
2021,6,44362,2021.4548,418.7,416.12
2021,7,44392,2021.537,416.66,415.86
2021,8,44423,2021.6219,414.38,415.93
2021,9,44454,2021.7068,412.93,416.42
2021,10,44484,2021.789,413.52,417.12
2021,11,44515,2021.874,414.81,417.06
2021,12,44545,2021.9562,416.43,417.35
2022,1,44576,2022.0411,418.01,417.94
2022,2,44607,2022.126,418.99,418.21
2022,3,44635,2022.2027,418.45,416.91
2022,4,44666,2022.2877,420.01,417.25
2022,5,44696,2022.3699,420.78,417.39
2022,6,44727,2022.4548,420.68,418.1
2022,7,44757,2022.537,418.71,417.91
2022,8,44788,2022.6219,416.75,418.3
2022,9,44819,2022.7068,415.42,418.91
2022,10,44849,2022.789,415.31,418.92
2022,11,44880,2022.874,417.03,419.29
2022,12,44910,2022.9562,418.46,419.38
2023,1,44941,2023.0411,419.13,419.06
2023,2,44972,2023.126,420.33,419.55
2023,3,45000,2023.2027,420.51,418.97
2023,4,45031,2023.2877,422.73,419.96
2023,5,45061,2023.3699,423.78,420.38
2023,6,45092,2023.4548,423.39,420.81
2023,7,45122,2023.537,421.62,420.82
2023,8,45153,2023.6219,419.56,421.12
2023,9,45184,2023.7068,418.06,421.56
2023,10,45214,2023.789,418.41,422.02
2023,11,45245,2023.874,420.11,422.38
2023,12,45275,2023.9562,421.65,422.57
2024,1,45306,2024.041,422.62,422.55
2024,2,45337,2024.1257,424.34,423.56
2024,3,45366,2024.2049,425.22,423.65
2024,4,45397,2024.2896,426.3,423.5
2024,5,45427,2024.3716,426.7,423.29
2024,6,45458,2024.4563,426.63,424.06
2024,7,45488,2024.5383,425.4,424.62
2024,8,45519,2024.623,422.71,424.3
2024,9,45550,2024.7077,421.6,425.12
2024,10,45580,2024.7896,-99.99,-99.99
2024,11,45611,2024.8743,-99.99,-99.99
2024,12,45641,2024.9563,-99.99,-99.99
